model,prompt_type,language,cefr,file,repetitive_words_removed,invalid_sentences_removed,long_words_removed,invalid_char_words_removed
google--gemma-3-4b-it,constrained,English,B1,0217-023957.json,0,3,0,1
google--gemma-3-4b-it,constrained,English,B1,0217-021933.json,0,11,0,2
google--gemma-3-4b-it,constrained,English,B1,0217-021310.json,0,3,0,3
google--gemma-3-4b-it,constrained,English,B1,0217-031234.json,0,3,0,3
google--gemma-3-4b-it,constrained,English,B1,0217-025932.json,0,2,0,1
google--gemma-3-4b-it,constrained,English,B1,0217-022848.json,0,1,0,0
google--gemma-3-4b-it,constrained,English,B1,0217-025505.json,0,45,0,2
google--gemma-3-4b-it,constrained,English,B1,0217-023318.json,0,65,0,0
google--gemma-3-4b-it,constrained,English,B1,0217-030548.json,0,3,0,0
google--gemma-3-4b-it,constrained,English,B1,0217-025313.json,0,0,0,0
google--gemma-3-4b-it,constrained,English,B1,0217-031018.json,0,61,0,0
google--gemma-3-4b-it,constrained,English,B1,0217-030126.json,1,45,0,0
google--gemma-3-4b-it,constrained,English,B1,0217-030325.json,0,44,0,0
google--gemma-3-4b-it,constrained,English,B1,0217-022615.json,0,51,0,1
google--gemma-3-4b-it,constrained,English,B1,0217-023708.json,0,47,0,0
google--gemma-3-4b-it,constrained,English,B1,0217-024605.json,0,0,0,1
google--gemma-3-4b-it,constrained,English,B1,0217-030738.json,0,49,0,0
google--gemma-3-4b-it,constrained,English,B1,0217-021014.json,7,2,0,0
google--gemma-3-4b-it,constrained,English,B1,0217-020521.json,0,1,1,1
google--gemma-3-4b-it,constrained,English,B1,0217-024158.json,0,2,0,1
google--gemma-3-4b-it,constrained,English,B1,0217-020827.json,0,74,0,1
google--gemma-3-4b-it,constrained,English,B1,0217-025050.json,0,1,0,2
google--gemma-3-4b-it,constrained,English,B1,0217-024756.json,0,63,0,0
google--gemma-3-4b-it,constrained,English,B1,0217-025706.json,0,1,0,0
google--gemma-3-4b-it,constrained,English,B1,0217-022130.json,0,2,0,1
google--gemma-3-4b-it,constrained,English,B1,0217-023541.json,0,3,0,2
google--gemma-3-4b-it,constrained,English,B1,0217-021732.json,0,0,0,1
google--gemma-3-4b-it,constrained,English,B1,0217-023058.json,0,58,0,0
google--gemma-3-4b-it,constrained,English,B1,0217-022408.json,0,70,0,1
google--gemma-3-4b-it,constrained,English,B1,0217-021511.json,0,58,0,0
google--gemma-3-4b-it,constrained,English,C1,0217-034948.json,0,2,0,3
google--gemma-3-4b-it,constrained,English,C1,0217-050820.json,0,2,0,0
google--gemma-3-4b-it,constrained,English,C1,0217-045628.json,0,1,0,7
google--gemma-3-4b-it,constrained,English,C1,0217-043645.json,0,2,0,1
google--gemma-3-4b-it,constrained,English,C1,0217-041037.json,0,2,0,0
google--gemma-3-4b-it,constrained,English,C1,0217-050036.json,3,2,0,1
google--gemma-3-4b-it,constrained,English,C1,0217-032620.json,0,42,1,4
google--gemma-3-4b-it,constrained,English,C1,0217-034534.json,1,0,0,6
google--gemma-3-4b-it,constrained,English,C1,0217-042608.json,0,2,0,0
google--gemma-3-4b-it,constrained,English,C1,0217-035856.json,0,1,0,1
google--gemma-3-4b-it,constrained,English,C1,0217-040252.json,0,4,2,16
google--gemma-3-4b-it,constrained,English,C1,0217-052249.json,0,1,0,3
google--gemma-3-4b-it,constrained,English,C1,0217-044827.json,1,1,0,0
google--gemma-3-4b-it,constrained,English,C1,0217-033201.json,2,2,0,3
google--gemma-3-4b-it,constrained,English,C1,0217-045210.json,0,2,0,0
google--gemma-3-4b-it,constrained,English,C1,0217-033631.json,0,5,0,3
google--gemma-3-4b-it,constrained,English,C1,0217-042932.json,0,2,0,4
google--gemma-3-4b-it,constrained,English,C1,0217-034140.json,0,4,0,9
google--gemma-3-4b-it,constrained,English,C1,0217-032146.json,1,1,0,0
google--gemma-3-4b-it,constrained,English,C1,0217-043332.json,1,1,0,1
google--gemma-3-4b-it,constrained,English,C1,0217-051323.json,0,2,0,1
google--gemma-3-4b-it,constrained,English,C1,0217-044454.json,0,4,0,0
google--gemma-3-4b-it,constrained,English,C1,0217-035444.json,2,3,0,0
google--gemma-3-4b-it,constrained,English,C1,0217-053157.json,0,0,0,12
google--gemma-3-4b-it,constrained,English,C1,0217-050423.json,3,1,0,1
google--gemma-3-4b-it,constrained,English,C1,0217-042242.json,0,2,0,2
google--gemma-3-4b-it,constrained,English,C1,0217-051849.json,1,6,0,1
google--gemma-3-4b-it,constrained,English,C1,0217-041613.json,0,5,0,6
google--gemma-3-4b-it,constrained,English,C1,0217-044037.json,2,2,0,0
google--gemma-3-4b-it,constrained,English,C1,0217-031850.json,0,4,0,0
google--gemma-3-4b-it,constrained,English,A1,0217-015702.json,1,38,0,0
google--gemma-3-4b-it,constrained,English,A1,0217-014542.json,1,53,0,0
google--gemma-3-4b-it,constrained,English,A1,0217-014713.json,0,40,0,1
google--gemma-3-4b-it,constrained,English,A1,0217-015952.json,0,32,0,0
google--gemma-3-4b-it,constrained,English,A1,0217-020118.json,0,56,0,1
google--gemma-3-4b-it,constrained,English,A1,0217-014026.json,0,32,0,1
google--gemma-3-4b-it,constrained,English,A1,0217-014205.json,0,42,0,0
google--gemma-3-4b-it,constrained,English,A1,0217-014119.json,0,45,0,0
google--gemma-3-4b-it,constrained,English,A1,0217-015348.json,0,34,0,0
google--gemma-3-4b-it,constrained,English,A1,0217-015605.json,0,43,0,0
google--gemma-3-4b-it,constrained,English,A1,0217-014631.json,0,40,0,0
google--gemma-3-4b-it,constrained,English,A1,0217-015106.json,0,28,0,0
google--gemma-3-4b-it,constrained,English,A1,0217-014757.json,0,38,0,0
google--gemma-3-4b-it,constrained,English,A1,0217-014411.json,0,37,0,0
google--gemma-3-4b-it,constrained,English,A1,0217-015822.json,1,47,0,0
google--gemma-3-4b-it,constrained,English,A1,0217-014936.json,0,41,0,0
google--gemma-3-4b-it,constrained,English,A1,0217-020202.json,1,47,0,0
google--gemma-3-4b-it,constrained,English,A1,0217-015436.json,0,51,0,0
google--gemma-3-4b-it,constrained,English,A1,0217-014326.json,0,39,0,0
google--gemma-3-4b-it,constrained,English,A1,0217-014246.json,1,31,0,0
google--gemma-3-4b-it,constrained,English,A1,0217-015735.json,0,30,0,0
google--gemma-3-4b-it,constrained,English,A1,0217-015230.json,0,27,0,1
google--gemma-3-4b-it,constrained,English,A1,0217-015157.json,0,40,0,0
google--gemma-3-4b-it,constrained,English,A1,0217-014455.json,0,47,0,0
google--gemma-3-4b-it,constrained,English,A1,0217-015905.json,0,41,0,0
google--gemma-3-4b-it,constrained,English,A1,0217-015028.json,0,42,0,0
google--gemma-3-4b-it,constrained,English,A1,0217-014843.json,0,45,0,0
google--gemma-3-4b-it,constrained,English,A1,0217-015312.json,1,53,0,0
google--gemma-3-4b-it,constrained,English,A1,0217-020029.json,0,29,0,1
google--gemma-3-4b-it,constrained,English,A1,0217-015516.json,0,49,0,0
google--gemma-3-4b-it,constrained,Lithuanian,B1,0216-225756.json,0,2,0,0
google--gemma-3-4b-it,constrained,Lithuanian,B1,0216-220655.json,0,2,0,0
google--gemma-3-4b-it,constrained,Lithuanian,B1,0216-223341.json,0,1,0,1
google--gemma-3-4b-it,constrained,Lithuanian,B1,0216-222352.json,0,5,1,4
google--gemma-3-4b-it,constrained,Lithuanian,B1,0216-221435.json,1,2,0,4
google--gemma-3-4b-it,constrained,Lithuanian,B1,0216-220917.json,2,2,0,0
google--gemma-3-4b-it,constrained,Lithuanian,B1,0216-223609.json,0,4,0,0
google--gemma-3-4b-it,constrained,Lithuanian,B1,0216-215458.json,0,1,0,0
google--gemma-3-4b-it,constrained,Lithuanian,B1,0216-224125.json,0,2,0,1
google--gemma-3-4b-it,constrained,Lithuanian,B1,0216-220000.json,0,2,0,0
google--gemma-3-4b-it,constrained,Lithuanian,B1,0216-231545.json,0,0,0,0
google--gemma-3-4b-it,constrained,Lithuanian,B1,0216-230742.json,0,2,0,1
google--gemma-3-4b-it,constrained,Lithuanian,B1,0216-224535.json,0,4,0,0
google--gemma-3-4b-it,constrained,Lithuanian,B1,0216-223052.json,1,1,0,2
google--gemma-3-4b-it,constrained,Lithuanian,B1,0216-225409.json,3,15,0,11
google--gemma-3-4b-it,constrained,Lithuanian,B1,0216-225148.json,0,0,0,1
google--gemma-3-4b-it,constrained,Lithuanian,B1,0216-224839.json,0,3,0,1
google--gemma-3-4b-it,constrained,Lithuanian,B1,0216-220447.json,0,1,0,3
google--gemma-3-4b-it,constrained,Lithuanian,B1,0216-223911.json,0,4,0,2
google--gemma-3-4b-it,constrained,Lithuanian,B1,0216-231411.json,1,16,0,10
google--gemma-3-4b-it,constrained,Lithuanian,B1,0216-220252.json,0,81,0,19
google--gemma-3-4b-it,constrained,Lithuanian,B1,0216-221200.json,0,6,0,2
google--gemma-3-4b-it,constrained,Lithuanian,B1,0216-230415.json,0,2,0,0
google--gemma-3-4b-it,constrained,Lithuanian,B1,0216-231834.json,0,0,0,0
google--gemma-3-4b-it,constrained,Lithuanian,B1,0216-222636.json,0,5,0,7
google--gemma-3-4b-it,constrained,Lithuanian,B1,0216-231111.json,0,2,0,0
google--gemma-3-4b-it,constrained,Lithuanian,B1,0216-221709.json,0,2,0,0
google--gemma-3-4b-it,constrained,Lithuanian,B1,0216-215720.json,0,0,0,0
google--gemma-3-4b-it,constrained,Lithuanian,B1,0216-230123.json,0,3,0,8
google--gemma-3-4b-it,constrained,Lithuanian,B1,0216-224339.json,0,1,0,2
google--gemma-3-4b-it,constrained,Lithuanian,C1,0217-005501.json,2,7,0,20
google--gemma-3-4b-it,constrained,Lithuanian,C1,0217-000147.json,0,1,0,25
google--gemma-3-4b-it,constrained,Lithuanian,C1,0217-000554.json,3,12,0,3
google--gemma-3-4b-it,constrained,Lithuanian,C1,0217-011142.json,0,6,0,16
google--gemma-3-4b-it,constrained,Lithuanian,C1,0217-004938.json,0,1,0,0
google--gemma-3-4b-it,constrained,Lithuanian,C1,0217-010545.json,0,1,0,1
google--gemma-3-4b-it,constrained,Lithuanian,C1,0217-001413.json,2,5,0,1
google--gemma-3-4b-it,constrained,Lithuanian,C1,0217-003653.json,0,3,0,5
google--gemma-3-4b-it,constrained,Lithuanian,C1,0216-233339.json,1,4,0,0
google--gemma-3-4b-it,constrained,Lithuanian,C1,0216-232715.json,0,7,0,6
google--gemma-3-4b-it,constrained,Lithuanian,C1,0216-234955.json,0,2,0,6
google--gemma-3-4b-it,constrained,Lithuanian,C1,0217-002108.json,0,5,0,0
google--gemma-3-4b-it,constrained,Lithuanian,C1,0217-013928.json,1,2,0,1
google--gemma-3-4b-it,constrained,Lithuanian,C1,0217-003946.json,0,2,0,6
google--gemma-3-4b-it,constrained,Lithuanian,C1,0217-011906.json,1,0,0,0
google--gemma-3-4b-it,constrained,Lithuanian,C1,0216-234605.json,0,3,0,3
google--gemma-3-4b-it,constrained,Lithuanian,C1,0217-001029.json,1,8,0,9
google--gemma-3-4b-it,constrained,Lithuanian,C1,0217-002450.json,1,4,0,5
google--gemma-3-4b-it,constrained,Lithuanian,C1,0217-013315.json,1,19,0,9
google--gemma-3-4b-it,constrained,Lithuanian,C1,0217-002824.json,1,0,0,3
google--gemma-3-4b-it,constrained,Lithuanian,C1,0217-013012.json,920,3,0,3
google--gemma-3-4b-it,constrained,Lithuanian,C1,0217-012307.json,0,1,0,3
google--gemma-3-4b-it,constrained,Lithuanian,C1,0217-010043.json,0,4,0,6
google--gemma-3-4b-it,constrained,Lithuanian,C1,0217-003210.json,0,4,0,9
google--gemma-3-4b-it,constrained,Lithuanian,C1,0216-232229.json,0,5,0,4
google--gemma-3-4b-it,constrained,Lithuanian,C1,0217-001720.json,0,4,0,2
google--gemma-3-4b-it,constrained,Lithuanian,C1,0216-233103.json,0,2,0,14
google--gemma-3-4b-it,constrained,Lithuanian,C1,0216-235451.json,2,7,0,15
google--gemma-3-4b-it,constrained,Lithuanian,C1,0217-004503.json,0,2,0,0
google--gemma-3-4b-it,constrained,Lithuanian,C1,0216-234044.json,3,4,0,1
google--gemma-3-4b-it,constrained,Lithuanian,A1,0216-212847.json,0,1,0,0
google--gemma-3-4b-it,constrained,Lithuanian,A1,0216-213114.json,1,0,0,0
google--gemma-3-4b-it,constrained,Lithuanian,A1,0216-212557.json,0,1,0,0
google--gemma-3-4b-it,constrained,Lithuanian,A1,0216-214556.json,2,0,0,0
google--gemma-3-4b-it,constrained,Lithuanian,A1,0216-213023.json,0,1,0,0
google--gemma-3-4b-it,constrained,Lithuanian,A1,0216-214051.json,1,0,0,0
google--gemma-3-4b-it,constrained,Lithuanian,A1,0216-214643.json,0,1,0,0
google--gemma-3-4b-it,constrained,Lithuanian,A1,0216-213157.json,0,0,0,2
google--gemma-3-4b-it,constrained,Lithuanian,A1,0216-213328.json,0,2,0,0
google--gemma-3-4b-it,constrained,Lithuanian,A1,0216-213807.json,1,1,0,0
google--gemma-3-4b-it,constrained,Lithuanian,A1,0216-213234.json,0,0,0,0
google--gemma-3-4b-it,constrained,Lithuanian,A1,0216-212054.json,3,0,0,0
google--gemma-3-4b-it,constrained,Lithuanian,A1,0216-214206.json,5,0,0,0
google--gemma-3-4b-it,constrained,Lithuanian,A1,0216-214506.json,2,1,0,0
google--gemma-3-4b-it,constrained,Lithuanian,A1,0216-211750.json,0,0,0,1
google--gemma-3-4b-it,constrained,Lithuanian,A1,0216-212926.json,0,1,0,0
google--gemma-3-4b-it,constrained,Lithuanian,A1,0216-214253.json,0,1,0,1
google--gemma-3-4b-it,constrained,Lithuanian,A1,0216-212405.json,0,0,0,0
google--gemma-3-4b-it,constrained,Lithuanian,A1,0216-214344.json,0,0,0,0
google--gemma-3-4b-it,constrained,Lithuanian,A1,0216-212637.json,0,0,0,0
google--gemma-3-4b-it,constrained,Lithuanian,A1,0216-212136.json,0,0,0,0
google--gemma-3-4b-it,constrained,Lithuanian,A1,0216-213911.json,0,1,0,0
google--gemma-3-4b-it,constrained,Lithuanian,A1,0216-213513.json,0,0,0,0
google--gemma-3-4b-it,constrained,Lithuanian,A1,0216-213417.json,1,0,0,0
google--gemma-3-4b-it,constrained,Lithuanian,A1,0216-213648.json,0,1,0,0
google--gemma-3-4b-it,constrained,Lithuanian,A1,0216-212736.json,1,0,0,0
google--gemma-3-4b-it,constrained,Lithuanian,A1,0216-212457.json,1,0,0,0
google--gemma-3-4b-it,constrained,Lithuanian,A1,0216-212322.json,1,0,0,0
google--gemma-3-4b-it,constrained,Lithuanian,A1,0216-213600.json,0,2,0,0
google--gemma-3-4b-it,constrained,Lithuanian,A1,0216-213953.json,0,1,0,0
google--gemma-3-4b-it,regular,English,B1,0215-214811.json,0,0,0,0
google--gemma-3-4b-it,regular,English,B1,0215-220413.json,0,0,0,0
google--gemma-3-4b-it,regular,English,B1,0215-214250.json,0,4,0,0
google--gemma-3-4b-it,regular,English,B1,0215-224312.json,1,52,0,0
google--gemma-3-4b-it,regular,English,B1,0215-220207.json,0,0,0,0
google--gemma-3-4b-it,regular,English,B1,0215-220618.json,0,48,0,0
google--gemma-3-4b-it,regular,English,B1,0215-222208.json,0,52,0,1
google--gemma-3-4b-it,regular,English,B1,0215-221853.json,0,2,0,0
google--gemma-3-4b-it,regular,English,B1,0215-222835.json,1,56,0,0
google--gemma-3-4b-it,regular,English,B1,0215-223527.json,0,2,0,1
google--gemma-3-4b-it,regular,English,B1,0215-214035.json,0,71,0,0
google--gemma-3-4b-it,regular,English,B1,0215-215249.json,0,52,0,0
google--gemma-3-4b-it,regular,English,B1,0215-220859.json,0,1,0,2
google--gemma-3-4b-it,regular,English,B1,0215-223308.json,1,52,0,1
google--gemma-3-4b-it,regular,English,B1,0215-223800.json,1,1,0,0
google--gemma-3-4b-it,regular,English,B1,0215-222422.json,0,42,0,0
google--gemma-3-4b-it,regular,English,B1,0215-223108.json,0,4,0,0
google--gemma-3-4b-it,regular,English,B1,0215-224517.json,1,57,0,0
google--gemma-3-4b-it,regular,English,B1,0215-224132.json,0,53,0,0
google--gemma-3-4b-it,regular,English,B1,0215-222655.json,0,2,0,4
google--gemma-3-4b-it,regular,English,B1,0215-220019.json,0,1,0,0
google--gemma-3-4b-it,regular,English,B1,0215-213636.json,1,6,0,2
google--gemma-3-4b-it,regular,English,B1,0215-221123.json,0,1,0,0
google--gemma-3-4b-it,regular,English,B1,0215-215041.json,0,2,0,0
google--gemma-3-4b-it,regular,English,B1,0215-221707.json,0,2,0,0
google--gemma-3-4b-it,regular,English,B1,0215-215740.json,0,4,0,0
google--gemma-3-4b-it,regular,English,B1,0215-223959.json,0,57,0,0
google--gemma-3-4b-it,regular,English,B1,0215-222040.json,1,1,0,0
google--gemma-3-4b-it,regular,English,B1,0215-221357.json,1,3,0,0
google--gemma-3-4b-it,regular,English,B1,0215-215459.json,0,1,0,0
google--gemma-3-4b-it,regular,English,C1,0215-233523.json,1,4,0,15
google--gemma-3-4b-it,regular,English,C1,0215-233958.json,0,2,0,1
google--gemma-3-4b-it,regular,English,C1,0215-235820.json,5,3,0,0
google--gemma-3-4b-it,regular,English,C1,0215-235112.json,2,4,0,2
google--gemma-3-4b-it,regular,English,C1,0216-001408.json,0,0,0,1
google--gemma-3-4b-it,regular,English,C1,0216-001645.json,0,1,0,0
google--gemma-3-4b-it,regular,English,C1,0216-002514.json,945,11,0,8
google--gemma-3-4b-it,regular,English,C1,0215-230802.json,0,2,0,0
google--gemma-3-4b-it,regular,English,C1,0215-234424.json,0,0,0,0
google--gemma-3-4b-it,regular,English,C1,0216-002108.json,1,1,0,0
google--gemma-3-4b-it,regular,English,C1,0215-234753.json,0,3,0,1
google--gemma-3-4b-it,regular,English,C1,0216-001112.json,0,9,0,8
google--gemma-3-4b-it,regular,English,C1,0215-233204.json,1,4,0,12
google--gemma-3-4b-it,regular,English,C1,0215-225154.json,0,1,0,0
google--gemma-3-4b-it,regular,English,C1,0216-000818.json,0,0,0,10
google--gemma-3-4b-it,regular,English,C1,0215-232135.json,0,2,0,0
google--gemma-3-4b-it,regular,English,C1,0215-232521.json,0,9,0,1
google--gemma-3-4b-it,regular,English,C1,0215-225955.json,1,2,0,1
google--gemma-3-4b-it,regular,English,C1,0215-225604.json,0,4,0,2
google--gemma-3-4b-it,regular,English,C1,0215-232854.json,0,2,0,1
google--gemma-3-4b-it,regular,English,C1,0215-234213.json,3,2,0,1
google--gemma-3-4b-it,regular,English,C1,0215-231813.json,0,4,0,4
google--gemma-3-4b-it,regular,English,C1,0216-000437.json,0,2,0,3
google--gemma-3-4b-it,regular,English,C1,0216-000633.json,0,1,0,0
google--gemma-3-4b-it,regular,English,C1,0215-231127.json,0,0,0,1
google--gemma-3-4b-it,regular,English,C1,0215-230416.json,0,1,0,0
google--gemma-3-4b-it,regular,English,C1,0215-231513.json,1,2,0,0
google--gemma-3-4b-it,regular,English,C1,0216-000131.json,0,3,0,1
google--gemma-3-4b-it,regular,English,C1,0215-224850.json,0,5,0,7
google--gemma-3-4b-it,regular,English,C1,0216-002826.json,0,4,0,0
google--gemma-3-4b-it,regular,English,A1,0211-094522.json,0,32,0,0
google--gemma-3-4b-it,regular,English,A1,0211-121001.json,0,56,0,0
google--gemma-3-4b-it,regular,English,A1,0211-113051.json,2,0,0,4
google--gemma-3-4b-it,regular,English,A1,0211-111047.json,0,17,0,1
google--gemma-3-4b-it,regular,English,A1,0211-125824.json,0,31,0,0
google--gemma-3-4b-it,regular,English,A1,0211-130323.json,14,0,0,0
google--gemma-3-4b-it,regular,English,A1,0211-130644.json,0,43,0,0
google--gemma-3-4b-it,regular,English,A1,0211-120039.json,1,46,0,0
google--gemma-3-4b-it,regular,English,A1,0211-125632.json,0,43,0,0
google--gemma-3-4b-it,regular,English,A1,0211-102714.json,0,33,0,0
google--gemma-3-4b-it,regular,English,A1,0211-130135.json,0,2,0,1
google--gemma-3-4b-it,regular,English,A1,0211-095708.json,0,47,0,0
google--gemma-3-4b-it,regular,English,A1,0211-101209.json,0,46,0,0
google--gemma-3-4b-it,regular,English,A1,0211-102011.json,0,49,0,0
google--gemma-3-4b-it,regular,English,A1,0211-090948.json,0,47,0,0
google--gemma-3-4b-it,regular,English,A1,0211-125919.json,2,32,0,0
google--gemma-3-4b-it,regular,English,A1,0211-103432.json,0,26,0,0
google--gemma-3-4b-it,regular,English,A1,0211-113756.json,0,41,0,0
google--gemma-3-4b-it,regular,English,A1,0211-093710.json,0,57,0,1
google--gemma-3-4b-it,regular,English,A1,0211-104157.json,0,39,0,0
google--gemma-3-4b-it,regular,English,A1,0211-092155.json,0,1,0,0
google--gemma-3-4b-it,regular,English,A1,0211-130400.json,0,0,0,2
google--gemma-3-4b-it,regular,English,A1,0211-100438.json,0,34,0,2
google--gemma-3-4b-it,regular,English,A1,0211-105052.json,0,69,0,0
google--gemma-3-4b-it,regular,English,A1,0211-125725.json,0,36,0,0
google--gemma-3-4b-it,regular,English,A1,0211-115254.json,0,38,0,0
google--gemma-3-4b-it,regular,English,A1,0211-111813.json,1,31,0,0
google--gemma-3-4b-it,regular,English,A1,0211-124809.json,1,38,0,0
google--gemma-3-4b-it,regular,English,A1,0211-105815.json,0,39,0,0
google--gemma-3-4b-it,regular,English,A1,0211-114536.json,3,1,0,0
google--gemma-3-4b-it,regular,Lithuanian,B1,0216-021819.json,0,3,0,1
google--gemma-3-4b-it,regular,Lithuanian,B1,0216-024928.json,0,1,0,3
google--gemma-3-4b-it,regular,Lithuanian,B1,0216-024551.json,1,0,0,0
google--gemma-3-4b-it,regular,Lithuanian,B1,0216-015807.json,0,2,0,1
google--gemma-3-4b-it,regular,Lithuanian,B1,0216-012632.json,0,1,0,0
google--gemma-3-4b-it,regular,Lithuanian,B1,0216-023635.json,1,0,0,1
google--gemma-3-4b-it,regular,Lithuanian,B1,0216-023910.json,2,2,0,0
google--gemma-3-4b-it,regular,Lithuanian,B1,0216-022946.json,0,4,0,0
google--gemma-3-4b-it,regular,Lithuanian,B1,0216-021320.json,0,1,0,0
google--gemma-3-4b-it,regular,Lithuanian,B1,0216-015511.json,0,1,0,0
google--gemma-3-4b-it,regular,Lithuanian,B1,0216-013251.json,0,0,0,0
google--gemma-3-4b-it,regular,Lithuanian,B1,0216-014542.json,2,0,0,0
google--gemma-3-4b-it,regular,Lithuanian,B1,0216-021557.json,0,1,0,0
google--gemma-3-4b-it,regular,Lithuanian,B1,0216-014912.json,1,4,0,0
google--gemma-3-4b-it,regular,Lithuanian,B1,0216-013739.json,0,10,0,3
google--gemma-3-4b-it,regular,Lithuanian,B1,0216-020121.json,1,3,0,0
google--gemma-3-4b-it,regular,Lithuanian,B1,0216-020436.json,0,5,0,2
google--gemma-3-4b-it,regular,Lithuanian,B1,0216-012443.json,1,1,0,2
google--gemma-3-4b-it,regular,Lithuanian,B1,0216-022626.json,1,2,0,0
google--gemma-3-4b-it,regular,Lithuanian,B1,0216-020732.json,0,1,0,1
google--gemma-3-4b-it,regular,Lithuanian,B1,0216-024312.json,1,3,0,4
google--gemma-3-4b-it,regular,Lithuanian,B1,0216-020955.json,0,2,0,0
google--gemma-3-4b-it,regular,Lithuanian,B1,0216-013005.json,0,4,0,2
google--gemma-3-4b-it,regular,Lithuanian,B1,0216-014337.json,0,1,0,0
google--gemma-3-4b-it,regular,Lithuanian,B1,0216-023400.json,1,1,0,0
google--gemma-3-4b-it,regular,Lithuanian,B1,0216-022213.json,0,3,0,1
google--gemma-3-4b-it,regular,Lithuanian,B1,0216-015147.json,0,1,0,0
google--gemma-3-4b-it,regular,Lithuanian,B1,0216-013504.json,0,2,0,0
google--gemma-3-4b-it,regular,Lithuanian,B1,0216-014041.json,0,2,0,0
google--gemma-3-4b-it,regular,Lithuanian,B1,0216-023152.json,0,1,0,0
google--gemma-3-4b-it,regular,Lithuanian,C1,0216-035144.json,0,3,0,0
google--gemma-3-4b-it,regular,Lithuanian,C1,0216-035455.json,0,1,0,0
google--gemma-3-4b-it,regular,Lithuanian,C1,0216-031252.json,0,1,0,4
google--gemma-3-4b-it,regular,Lithuanian,C1,0216-043538.json,0,3,0,4
google--gemma-3-4b-it,regular,Lithuanian,C1,0216-034857.json,0,3,0,0
google--gemma-3-4b-it,regular,Lithuanian,C1,0216-042242.json,1,2,0,1
google--gemma-3-4b-it,regular,Lithuanian,C1,0216-030948.json,0,3,0,3
google--gemma-3-4b-it,regular,Lithuanian,C1,0216-042653.json,3,2,0,0
google--gemma-3-4b-it,regular,Lithuanian,C1,0216-032536.json,2,4,0,3
google--gemma-3-4b-it,regular,Lithuanian,C1,0216-033817.json,0,7,0,1
google--gemma-3-4b-it,regular,Lithuanian,C1,0216-044447.json,0,3,0,0
google--gemma-3-4b-it,regular,Lithuanian,C1,0216-025410.json,0,1,0,1
google--gemma-3-4b-it,regular,Lithuanian,C1,0216-040609.json,0,2,0,0
google--gemma-3-4b-it,regular,Lithuanian,C1,0216-035801.json,0,6,0,4
google--gemma-3-4b-it,regular,Lithuanian,C1,0216-031802.json,0,3,0,0
google--gemma-3-4b-it,regular,Lithuanian,C1,0216-034110.json,0,2,0,4
google--gemma-3-4b-it,regular,Lithuanian,C1,0216-041055.json,1,3,0,16
google--gemma-3-4b-it,regular,Lithuanian,C1,0216-042919.json,0,2,0,1
google--gemma-3-4b-it,regular,Lithuanian,C1,0216-030549.json,0,2,0,1
google--gemma-3-4b-it,regular,Lithuanian,C1,0216-040149.json,0,1,0,3
google--gemma-3-4b-it,regular,Lithuanian,C1,0216-033010.json,0,3,0,1
google--gemma-3-4b-it,regular,Lithuanian,C1,0216-045007.json,0,6,0,2
google--gemma-3-4b-it,regular,Lithuanian,C1,0216-034507.json,0,1,0,1
google--gemma-3-4b-it,regular,Lithuanian,C1,0216-032105.json,0,1,0,12
google--gemma-3-4b-it,regular,Lithuanian,C1,0216-043313.json,0,2,0,0
google--gemma-3-4b-it,regular,Lithuanian,C1,0216-043924.json,0,6,0,3
google--gemma-3-4b-it,regular,Lithuanian,C1,0216-041501.json,0,5,0,0
google--gemma-3-4b-it,regular,Lithuanian,C1,0216-041904.json,4,4,0,2
google--gemma-3-4b-it,regular,Lithuanian,C1,0216-025857.json,0,1,0,3
google--gemma-3-4b-it,regular,Lithuanian,C1,0216-033434.json,2,1,0,0
google--gemma-3-4b-it,regular,Lithuanian,A1,0216-012234.json,0,2,0,0
google--gemma-3-4b-it,regular,Lithuanian,A1,0216-010043.json,0,0,0,0
google--gemma-3-4b-it,regular,Lithuanian,A1,0216-005555.json,0,1,0,0
google--gemma-3-4b-it,regular,Lithuanian,A1,0216-011548.json,2,0,0,0
google--gemma-3-4b-it,regular,Lithuanian,A1,0216-005752.json,0,4,0,0
google--gemma-3-4b-it,regular,Lithuanian,A1,0216-005203.json,0,2,0,0
google--gemma-3-4b-it,regular,Lithuanian,A1,0216-003848.json,0,0,0,0
google--gemma-3-4b-it,regular,Lithuanian,A1,0216-004257.json,0,1,0,0
google--gemma-3-4b-it,regular,Lithuanian,A1,0216-010415.json,0,0,0,2
google--gemma-3-4b-it,regular,Lithuanian,A1,0216-004430.json,0,0,0,0
google--gemma-3-4b-it,regular,Lithuanian,A1,0216-003655.json,0,0,0,0
google--gemma-3-4b-it,regular,Lithuanian,A1,0216-011710.json,0,0,0,1
google--gemma-3-4b-it,regular,Lithuanian,A1,0216-004820.json,0,9,0,0
google--gemma-3-4b-it,regular,Lithuanian,A1,0216-005452.json,1,6,0,0
google--gemma-3-4b-it,regular,Lithuanian,A1,0216-011246.json,0,2,0,2
google--gemma-3-4b-it,regular,Lithuanian,A1,0216-003046.json,0,0,0,1
google--gemma-3-4b-it,regular,Lithuanian,A1,0216-011424.json,0,0,0,1
google--gemma-3-4b-it,regular,Lithuanian,A1,0216-003938.json,0,1,0,0
google--gemma-3-4b-it,regular,Lithuanian,A1,0216-010612.json,0,2,0,0
google--gemma-3-4b-it,regular,Lithuanian,A1,0216-012111.json,0,0,0,1
google--gemma-3-4b-it,regular,Lithuanian,A1,0216-004622.json,0,0,0,0
google--gemma-3-4b-it,regular,Lithuanian,A1,0216-010220.json,0,1,0,0
google--gemma-3-4b-it,regular,Lithuanian,A1,0216-011002.json,2,0,0,1
google--gemma-3-4b-it,regular,Lithuanian,A1,0216-005907.json,1,2,0,0
google--gemma-3-4b-it,regular,Lithuanian,A1,0216-005307.json,0,0,0,0
google--gemma-3-4b-it,regular,Lithuanian,A1,0216-003429.json,0,1,0,4
google--gemma-3-4b-it,regular,Lithuanian,A1,0216-011836.json,0,0,0,0
google--gemma-3-4b-it,regular,Lithuanian,A1,0216-005001.json,0,1,0,0
google--gemma-3-4b-it,regular,Lithuanian,A1,0216-003309.json,2,2,0,1
google--gemma-3-4b-it,regular,Lithuanian,A1,0216-010854.json,0,0,0,0
google--gemma-3-12b-it,constrained,English,B1,0217-151645.json,0,2,0,0
google--gemma-3-12b-it,constrained,English,B1,0217-143830.json,0,2,0,0
google--gemma-3-12b-it,constrained,English,B1,0217-143337.json,0,3,0,1
google--gemma-3-12b-it,constrained,English,B1,0217-155849.json,0,0,0,2
google--gemma-3-12b-it,constrained,English,B1,0217-154350.json,0,1,0,1
google--gemma-3-12b-it,constrained,English,B1,0217-152535.json,0,5,0,0
google--gemma-3-12b-it,constrained,English,B1,0217-142927.json,0,0,0,0
google--gemma-3-12b-it,constrained,English,B1,0217-145148.json,0,86,0,4
google--gemma-3-12b-it,constrained,English,B1,0217-152945.json,0,5,0,0
google--gemma-3-12b-it,constrained,English,B1,0217-160324.json,0,2,0,3
google--gemma-3-12b-it,constrained,English,B1,0217-142526.json,0,0,0,1
google--gemma-3-12b-it,constrained,English,B1,0217-150528.json,1,11,0,4
google--gemma-3-12b-it,constrained,English,B1,0217-153700.json,0,7,0,19
google--gemma-3-12b-it,constrained,English,B1,0217-160757.json,0,6,0,25
google--gemma-3-12b-it,constrained,English,B1,0217-154814.json,10,1,0,1
google--gemma-3-12b-it,constrained,English,B1,0217-161933.json,1,1,0,0
google--gemma-3-12b-it,constrained,English,B1,0217-162432.json,2,3,0,0
google--gemma-3-12b-it,constrained,English,B1,0217-153258.json,0,2,0,0
google--gemma-3-12b-it,constrained,English,B1,0217-152220.json,2,7,0,2
google--gemma-3-12b-it,constrained,English,B1,0217-145746.json,0,2,0,0
google--gemma-3-12b-it,constrained,English,B1,0217-155503.json,0,1,0,0
google--gemma-3-12b-it,constrained,English,B1,0217-151120.json,3,0,0,0
google--gemma-3-12b-it,constrained,English,B1,0217-155048.json,0,1,0,0
google--gemma-3-12b-it,constrained,English,B1,0217-144539.json,0,22,0,4
google--gemma-3-12b-it,constrained,English,B1,0217-150120.json,0,3,0,0
google--gemma-3-12b-it,constrained,English,B1,0217-141611.json,0,0,0,12
google--gemma-3-12b-it,constrained,English,B1,0217-141136.json,0,2,0,0
google--gemma-3-12b-it,constrained,English,B1,0217-140621.json,1,6,0,1
google--gemma-3-12b-it,constrained,English,B1,0217-161449.json,0,0,0,2
google--gemma-3-12b-it,constrained,English,B1,0217-141948.json,0,3,0,0
google--gemma-3-12b-it,constrained,English,C1,0217-180728.json,0,3,0,13
google--gemma-3-12b-it,constrained,English,C1,0217-181145.json,0,3,0,0
google--gemma-3-12b-it,constrained,English,C1,0217-175024.json,0,2,0,2
google--gemma-3-12b-it,constrained,English,C1,0217-170150.json,2,6,0,18
google--gemma-3-12b-it,constrained,English,C1,0217-164827.json,0,3,0,9
google--gemma-3-12b-it,constrained,English,C1,0217-203347.json,1,3,0,0
google--gemma-3-12b-it,constrained,English,C1,0217-192329.json,0,5,0,1
google--gemma-3-12b-it,constrained,English,C1,0217-201545.json,0,1,0,6
google--gemma-3-12b-it,constrained,English,C1,0217-193918.json,0,4,0,0
google--gemma-3-12b-it,constrained,English,C1,0217-195942.json,0,9,0,6
google--gemma-3-12b-it,constrained,English,C1,0217-204411.json,0,15,0,2
google--gemma-3-12b-it,constrained,English,C1,0217-182209.json,0,3,0,1
google--gemma-3-12b-it,constrained,English,C1,0217-195008.json,0,6,0,2
google--gemma-3-12b-it,constrained,English,C1,0217-184851.json,2,3,0,10
google--gemma-3-12b-it,constrained,English,C1,0217-174121.json,0,4,0,0
google--gemma-3-12b-it,constrained,English,C1,0217-183830.json,1,2,0,4
google--gemma-3-12b-it,constrained,English,C1,0217-191533.json,0,2,0,6
google--gemma-3-12b-it,constrained,English,C1,0217-190030.json,0,1,0,8
google--gemma-3-12b-it,constrained,English,C1,0217-202431.json,1,2,0,13
google--gemma-3-12b-it,constrained,English,C1,0217-182943.json,0,4,0,3
google--gemma-3-12b-it,constrained,English,C1,0217-175547.json,0,0,0,6
google--gemma-3-12b-it,constrained,English,C1,0217-171113.json,0,2,0,0
google--gemma-3-12b-it,constrained,English,C1,0217-192946.json,0,2,0,0
google--gemma-3-12b-it,constrained,English,C1,0217-211556.json,0,1,0,0
google--gemma-3-12b-it,constrained,English,C1,0217-172122.json,0,2,0,8
google--gemma-3-12b-it,constrained,English,C1,0217-190626.json,0,11,0,0
google--gemma-3-12b-it,constrained,English,C1,0217-210539.json,0,6,0,0
google--gemma-3-12b-it,constrained,English,C1,0217-205436.json,1,3,0,4
google--gemma-3-12b-it,constrained,English,C1,0217-200633.json,1,10,0,0
google--gemma-3-12b-it,constrained,English,C1,0217-173144.json,0,3,0,0
google--gemma-3-12b-it,constrained,English,A1,0217-133839.json,0,38,0,0
google--gemma-3-12b-it,constrained,English,A1,0217-140014.json,0,32,0,2
google--gemma-3-12b-it,constrained,English,A1,0217-133732.json,0,36,0,0
google--gemma-3-12b-it,constrained,English,A1,0217-134130.json,0,35,0,0
google--gemma-3-12b-it,constrained,English,A1,0217-135920.json,0,41,0,0
google--gemma-3-12b-it,constrained,English,A1,0217-140219.json,0,31,0,0
google--gemma-3-12b-it,constrained,English,A1,0217-135159.json,1,34,0,0
google--gemma-3-12b-it,constrained,English,A1,0217-135756.json,0,30,0,0
google--gemma-3-12b-it,constrained,English,A1,0217-133341.json,0,49,0,0
google--gemma-3-12b-it,constrained,English,A1,0217-134953.json,0,39,0,1
google--gemma-3-12b-it,constrained,English,A1,0217-140121.json,0,36,0,0
google--gemma-3-12b-it,constrained,English,A1,0217-135658.json,0,32,0,0
google--gemma-3-12b-it,constrained,English,A1,0217-133625.json,0,37,0,0
google--gemma-3-12b-it,constrained,English,A1,0217-134024.json,0,31,0,0
google--gemma-3-12b-it,constrained,English,A1,0217-133933.json,0,26,0,0
google--gemma-3-12b-it,constrained,English,A1,0217-134435.json,0,45,0,0
google--gemma-3-12b-it,constrained,English,A1,0217-134853.json,0,50,0,0
google--gemma-3-12b-it,constrained,English,A1,0217-134747.json,0,32,0,0
google--gemma-3-12b-it,constrained,English,A1,0217-135302.json,0,45,0,0
google--gemma-3-12b-it,constrained,English,A1,0217-135402.json,0,28,0,0
google--gemma-3-12b-it,constrained,English,A1,0217-134531.json,0,34,0,0
google--gemma-3-12b-it,constrained,English,A1,0217-134654.json,0,39,0,0
google--gemma-3-12b-it,constrained,English,A1,0217-135602.json,0,43,0,0
google--gemma-3-12b-it,constrained,English,A1,0217-135458.json,0,30,0,0
google--gemma-3-12b-it,constrained,English,A1,0217-134332.json,0,27,0,0
google--gemma-3-12b-it,constrained,English,A1,0217-134236.json,0,30,0,0
google--gemma-3-12b-it,constrained,English,A1,0217-133523.json,0,61,0,0
google--gemma-3-12b-it,constrained,English,A1,0217-140314.json,0,25,0,0
google--gemma-3-12b-it,constrained,English,A1,0217-133218.json,0,30,0,0
google--gemma-3-12b-it,constrained,English,A1,0217-135104.json,0,46,0,0
google--gemma-3-12b-it,constrained,Lithuanian,B1,0217-063653.json,1,0,0,0
google--gemma-3-12b-it,constrained,Lithuanian,B1,0218-184537.json,0,5,0,1
google--gemma-3-12b-it,constrained,Lithuanian,B1,0309-195221.json,1,0,0,0
google--gemma-3-12b-it,constrained,Lithuanian,B1,0217-084133.json,1,3,0,6
google--gemma-3-12b-it,constrained,Lithuanian,B1,0218-184059.json,0,2,0,2
google--gemma-3-12b-it,constrained,Lithuanian,B1,0217-075609.json,0,1,0,2
google--gemma-3-12b-it,constrained,Lithuanian,B1,0217-082710.json,1,1,0,5
google--gemma-3-12b-it,constrained,Lithuanian,B1,0217-070257.json,0,1,0,0
google--gemma-3-12b-it,constrained,Lithuanian,B1,0217-080526.json,0,3,0,12
google--gemma-3-12b-it,constrained,Lithuanian,B1,0217-075133.json,0,2,0,7
google--gemma-3-12b-it,constrained,Lithuanian,B1,0217-081335.json,2,2,0,18
google--gemma-3-12b-it,constrained,Lithuanian,B1,0217-072909.json,0,2,0,10
google--gemma-3-12b-it,constrained,Lithuanian,B1,0217-080825.json,0,1,0,0
google--gemma-3-12b-it,constrained,Lithuanian,B1,0217-065924.json,1,2,0,0
google--gemma-3-12b-it,constrained,Lithuanian,B1,0217-064727.json,0,6,0,15
google--gemma-3-12b-it,constrained,Lithuanian,B1,0217-065638.json,1,1,0,10
google--gemma-3-12b-it,constrained,Lithuanian,B1,0217-083512.json,0,3,0,1
google--gemma-3-12b-it,constrained,Lithuanian,B1,0217-081810.json,0,0,0,0
google--gemma-3-12b-it,constrained,Lithuanian,B1,0217-083006.json,0,1,0,0
google--gemma-3-12b-it,constrained,Lithuanian,B1,0309-200004.json,0,1,0,1
google--gemma-3-12b-it,constrained,Lithuanian,B1,0309-195658.json,1,3,0,3
google--gemma-3-12b-it,constrained,Lithuanian,B1,0217-071333.json,0,3,0,3
google--gemma-3-12b-it,constrained,Lithuanian,B1,0218-183553.json,0,2,0,1
google--gemma-3-12b-it,constrained,Lithuanian,B1,0217-072511.json,0,2,0,0
google--gemma-3-12b-it,constrained,Lithuanian,B1,0217-064152.json,1,4,0,0
google--gemma-3-12b-it,constrained,Lithuanian,B1,0217-073419.json,1,2,0,11
google--gemma-3-12b-it,constrained,Lithuanian,B1,0217-070935.json,0,1,0,10
google--gemma-3-12b-it,constrained,Lithuanian,B1,0217-082306.json,1,2,0,14
google--gemma-3-12b-it,constrained,Lithuanian,B1,0217-071923.json,0,1,0,11
google--gemma-3-12b-it,constrained,Lithuanian,B1,0217-080011.json,1,0,0,12
google--gemma-3-12b-it,constrained,Lithuanian,C1,0217-120144.json,0,3,0,2
google--gemma-3-12b-it,constrained,Lithuanian,C1,0217-123305.json,0,2,0,1
google--gemma-3-12b-it,constrained,Lithuanian,C1,0217-125814.json,0,1,0,0
google--gemma-3-12b-it,constrained,Lithuanian,C1,0217-132930.json,0,2,0,0
google--gemma-3-12b-it,constrained,Lithuanian,C1,0217-085701.json,0,2,0,1
google--gemma-3-12b-it,constrained,Lithuanian,C1,0217-112625.json,0,5,0,4
google--gemma-3-12b-it,constrained,Lithuanian,C1,0217-104435.json,0,4,0,14
google--gemma-3-12b-it,constrained,Lithuanian,C1,0217-111607.json,0,1,0,4
google--gemma-3-12b-it,constrained,Lithuanian,C1,0217-100018.json,1,4,0,2
google--gemma-3-12b-it,constrained,Lithuanian,C1,0217-123953.json,0,2,0,0
google--gemma-3-12b-it,constrained,Lithuanian,C1,0217-102643.json,2,3,0,1
google--gemma-3-12b-it,constrained,Lithuanian,C1,0217-095102.json,0,6,0,0
google--gemma-3-12b-it,constrained,Lithuanian,C1,0217-121319.json,0,3,0,5
google--gemma-3-12b-it,constrained,Lithuanian,C1,0217-093131.json,1,6,0,19
google--gemma-3-12b-it,constrained,Lithuanian,C1,0217-122446.json,0,4,0,24
google--gemma-3-12b-it,constrained,Lithuanian,C1,0217-105509.json,0,2,0,13
google--gemma-3-12b-it,constrained,Lithuanian,C1,0217-124817.json,0,3,0,6
google--gemma-3-12b-it,constrained,Lithuanian,C1,0217-132048.json,0,2,0,3
google--gemma-3-12b-it,constrained,Lithuanian,C1,0217-090735.json,0,2,0,6
google--gemma-3-12b-it,constrained,Lithuanian,C1,0217-130730.json,1,2,0,5
google--gemma-3-12b-it,constrained,Lithuanian,C1,0217-110554.json,1,1,0,1
google--gemma-3-12b-it,constrained,Lithuanian,C1,0217-094301.json,0,1,0,17
google--gemma-3-12b-it,constrained,Lithuanian,C1,0217-103357.json,0,2,0,6
google--gemma-3-12b-it,constrained,Lithuanian,C1,0217-101706.json,0,2,0,1
google--gemma-3-12b-it,constrained,Lithuanian,C1,0217-115424.json,0,3,0,16
google--gemma-3-12b-it,constrained,Lithuanian,C1,0217-092334.json,0,2,0,14
google--gemma-3-12b-it,constrained,Lithuanian,C1,0217-113507.json,0,7,0,7
google--gemma-3-12b-it,constrained,Lithuanian,C1,0217-100632.json,0,3,0,7
google--gemma-3-12b-it,constrained,Lithuanian,C1,0217-091243.json,0,1,0,5
google--gemma-3-12b-it,constrained,Lithuanian,C1,0217-114344.json,1,4,0,5
google--gemma-3-12b-it,constrained,Lithuanian,A1,0217-060759.json,0,1,0,2
google--gemma-3-12b-it,constrained,Lithuanian,A1,0217-055828.json,0,3,0,0
google--gemma-3-12b-it,constrained,Lithuanian,A1,0217-061246.json,0,3,0,1
google--gemma-3-12b-it,constrained,Lithuanian,A1,0217-054832.json,1,2,0,0
google--gemma-3-12b-it,constrained,Lithuanian,A1,0217-061041.json,0,2,0,0
google--gemma-3-12b-it,constrained,Lithuanian,A1,0217-054415.json,0,2,0,0
google--gemma-3-12b-it,constrained,Lithuanian,A1,0217-061451.json,0,1,0,0
google--gemma-3-12b-it,constrained,Lithuanian,A1,0217-060200.json,0,3,0,12
google--gemma-3-12b-it,constrained,Lithuanian,A1,0217-060655.json,0,1,0,0
google--gemma-3-12b-it,constrained,Lithuanian,A1,0217-061143.json,0,3,0,0
google--gemma-3-12b-it,constrained,Lithuanian,A1,0217-053834.json,2,4,0,0
google--gemma-3-12b-it,constrained,Lithuanian,A1,0217-060016.json,0,0,0,0
google--gemma-3-12b-it,constrained,Lithuanian,A1,0217-055237.json,0,2,0,0
google--gemma-3-12b-it,constrained,Lithuanian,A1,0217-061606.json,0,1,0,0
google--gemma-3-12b-it,constrained,Lithuanian,A1,0217-054506.json,0,5,0,0
google--gemma-3-12b-it,constrained,Lithuanian,A1,0217-054209.json,0,4,0,0
google--gemma-3-12b-it,constrained,Lithuanian,A1,0217-060542.json,1,2,0,0
google--gemma-3-12b-it,constrained,Lithuanian,A1,0217-055359.json,0,2,0,0
google--gemma-3-12b-it,constrained,Lithuanian,A1,0217-054738.json,0,1,0,0
google--gemma-3-12b-it,constrained,Lithuanian,A1,0217-055623.json,0,1,0,0
google--gemma-3-12b-it,constrained,Lithuanian,A1,0217-053949.json,0,2,0,0
google--gemma-3-12b-it,constrained,Lithuanian,A1,0217-055143.json,0,2,0,0
google--gemma-3-12b-it,constrained,Lithuanian,A1,0217-055033.json,0,2,0,0
google--gemma-3-12b-it,constrained,Lithuanian,A1,0217-060926.json,0,1,0,0
google--gemma-3-12b-it,constrained,Lithuanian,A1,0217-060400.json,0,11,0,0
google--gemma-3-12b-it,constrained,Lithuanian,A1,0217-054308.json,0,2,0,0
google--gemma-3-12b-it,constrained,Lithuanian,A1,0217-055735.json,1,1,0,0
google--gemma-3-12b-it,constrained,Lithuanian,A1,0217-055509.json,1,3,0,0
google--gemma-3-12b-it,constrained,Lithuanian,A1,0217-061341.json,0,1,0,0
google--gemma-3-12b-it,constrained,Lithuanian,A1,0217-054626.json,0,1,0,1
google--gemma-3-12b-it,regular,English,B1,0215-195635.json,0,2,0,13
google--gemma-3-12b-it,regular,English,B1,0215-180201.json,0,2,0,1
google--gemma-3-12b-it,regular,English,B1,0215-194109.json,0,5,0,0
google--gemma-3-12b-it,regular,English,B1,0215-194927.json,1,2,0,0
google--gemma-3-12b-it,regular,English,B1,0215-184714.json,0,3,0,1
google--gemma-3-12b-it,regular,English,B1,0215-183404.json,0,5,0,4
google--gemma-3-12b-it,regular,English,B1,0215-190946.json,1,2,0,15
google--gemma-3-12b-it,regular,English,B1,0215-175011.json,0,0,0,6
google--gemma-3-12b-it,regular,English,B1,0215-193705.json,0,78,0,3
google--gemma-3-12b-it,regular,English,B1,0215-185125.json,0,2,0,10
google--gemma-3-12b-it,regular,English,B1,0215-192412.json,0,2,0,1
google--gemma-3-12b-it,regular,English,B1,0215-181830.json,1,0,0,0
google--gemma-3-12b-it,regular,English,B1,0215-184257.json,0,2,0,3
google--gemma-3-12b-it,regular,English,B1,0215-183848.json,2,21,0,16
google--gemma-3-12b-it,regular,English,B1,0215-181105.json,0,1,0,19
google--gemma-3-12b-it,regular,English,B1,0215-191514.json,0,17,0,3
google--gemma-3-12b-it,regular,English,B1,0215-193219.json,0,1,0,16
google--gemma-3-12b-it,regular,English,B1,0211-140737.json,0,4,0,0
google--gemma-3-12b-it,regular,English,B1,0211-141005.json,0,1,0,8
google--gemma-3-12b-it,regular,English,B1,0215-191947.json,0,0,0,19
google--gemma-3-12b-it,regular,English,B1,0215-190515.json,1,16,0,2
google--gemma-3-12b-it,regular,English,B1,0215-195341.json,0,2,0,0
google--gemma-3-12b-it,regular,English,B1,0215-185753.json,0,111,0,1
google--gemma-3-12b-it,regular,English,B1,0215-175838.json,0,2,0,2
google--gemma-3-12b-it,regular,English,B1,0215-182728.json,0,2,0,1
google--gemma-3-12b-it,regular,English,B1,0215-194412.json,0,3,0,0
google--gemma-3-12b-it,regular,English,B1,0215-180612.json,0,4,0,0
google--gemma-3-12b-it,regular,English,B1,0215-192809.json,0,1,0,0
google--gemma-3-12b-it,regular,English,B1,0215-200006.json,0,2,0,2
google--gemma-3-12b-it,regular,English,B1,0215-182455.json,0,1,0,13
google--gemma-3-12b-it,regular,English,C1,0215-204031.json,0,5,0,6
google--gemma-3-12b-it,regular,English,C1,0215-201700.json,0,117,0,11
google--gemma-3-12b-it,regular,English,C1,0215-205444.json,0,4,0,0
google--gemma-3-12b-it,regular,English,C1,0218-172226.json,1,1,0,1
google--gemma-3-12b-it,regular,English,C1,0218-173454.json,0,2,0,0
google--gemma-3-12b-it,regular,English,C1,0218-175940.json,1,11,0,2
google--gemma-3-12b-it,regular,English,C1,0215-202447.json,2,3,0,1
google--gemma-3-12b-it,regular,English,C1,0215-221429.json,0,1,0,0
google--gemma-3-12b-it,regular,English,C1,0215-213926.json,0,11,0,8
google--gemma-3-12b-it,regular,English,C1,0215-215814.json,0,6,0,17
google--gemma-3-12b-it,regular,English,C1,0215-213151.json,0,2,0,0
google--gemma-3-12b-it,regular,English,C1,0215-203423.json,0,11,0,6
google--gemma-3-12b-it,regular,English,C1,0215-220505.json,0,7,0,2
google--gemma-3-12b-it,regular,English,C1,0215-214703.json,0,9,0,4
google--gemma-3-12b-it,regular,English,C1,0215-210942.json,0,4,0,8
google--gemma-3-12b-it,regular,English,C1,0218-182233.json,3,5,0,0
google--gemma-3-12b-it,regular,English,C1,0215-200944.json,1,1,0,0
google--gemma-3-12b-it,regular,English,C1,0218-174150.json,0,0,0,4
google--gemma-3-12b-it,regular,English,C1,0218-172620.json,0,0,0,2
google--gemma-3-12b-it,regular,English,C1,0218-182835.json,1,5,0,0
google--gemma-3-12b-it,regular,English,C1,0218-181145.json,0,6,0,6
google--gemma-3-12b-it,regular,English,C1,0218-174748.json,0,4,0,5
google--gemma-3-12b-it,regular,English,C1,0218-181610.json,0,1,0,5
google--gemma-3-12b-it,regular,English,C1,0215-211527.json,0,1,0,25
google--gemma-3-12b-it,regular,English,C1,0215-210148.json,0,13,0,4
google--gemma-3-12b-it,regular,English,C1,0218-173147.json,0,1,0,16
google--gemma-3-12b-it,regular,English,C1,0215-212050.json,0,3,0,3
google--gemma-3-12b-it,regular,English,C1,0215-204412.json,0,0,0,0
google--gemma-3-12b-it,regular,English,C1,0218-180613.json,0,3,0,0
google--gemma-3-12b-it,regular,English,C1,0215-212422.json,0,3,0,0
google--gemma-3-12b-it,regular,English,A1,0211-134642.json,1,54,0,0
google--gemma-3-12b-it,regular,English,A1,0211-130948.json,0,59,0,0
google--gemma-3-12b-it,regular,English,A1,0211-135441.json,0,48,0,0
google--gemma-3-12b-it,regular,English,A1,0211-131121.json,0,38,0,0
google--gemma-3-12b-it,regular,English,A1,0211-135912.json,0,42,0,0
google--gemma-3-12b-it,regular,English,A1,0211-133038.json,0,69,0,0
google--gemma-3-12b-it,regular,English,A1,0211-140326.json,0,52,0,0
google--gemma-3-12b-it,regular,English,A1,0211-134153.json,0,40,0,0
google--gemma-3-12b-it,regular,English,A1,0211-140110.json,0,65,0,0
google--gemma-3-12b-it,regular,English,A1,0211-134438.json,0,57,0,0
google--gemma-3-12b-it,regular,English,A1,0211-130721.json,0,62,0,0
google--gemma-3-12b-it,regular,English,A1,0211-133518.json,0,50,0,0
google--gemma-3-12b-it,regular,English,A1,0211-135550.json,0,39,0,0
google--gemma-3-12b-it,regular,English,A1,0211-132403.json,0,39,0,0
google--gemma-3-12b-it,regular,English,A1,0211-132227.json,0,27,0,0
google--gemma-3-12b-it,regular,English,A1,0211-131553.json,0,59,0,0
google--gemma-3-12b-it,regular,English,A1,0211-134017.json,0,35,0,0
google--gemma-3-12b-it,regular,English,A1,0211-135230.json,0,68,0,1
google--gemma-3-12b-it,regular,English,A1,0211-131851.json,0,46,0,0
google--gemma-3-12b-it,regular,English,A1,0211-131311.json,0,41,0,0
google--gemma-3-12b-it,regular,English,A1,0211-133832.json,1,49,0,0
google--gemma-3-12b-it,regular,English,A1,0211-133331.json,0,71,0,1
google--gemma-3-12b-it,regular,English,A1,0211-134837.json,0,46,0,0
google--gemma-3-12b-it,regular,English,A1,0211-135737.json,2,50,0,0
google--gemma-3-12b-it,regular,English,A1,0211-132018.json,0,43,0,0
google--gemma-3-12b-it,regular,English,A1,0211-132758.json,0,51,0,0
google--gemma-3-12b-it,regular,English,A1,0211-133641.json,0,42,0,1
google--gemma-3-12b-it,regular,English,A1,0211-134949.json,0,42,0,0
google--gemma-3-12b-it,regular,English,A1,0210-190148.json,0,48,0,1
google--gemma-3-12b-it,regular,English,A1,0211-132616.json,0,64,0,0
google--gemma-3-12b-it,regular,Lithuanian,B1,0216-070427.json,0,2,0,4
google--gemma-3-12b-it,regular,Lithuanian,B1,0216-061025.json,0,3,0,11
google--gemma-3-12b-it,regular,Lithuanian,B1,0216-071122.json,0,4,0,2
google--gemma-3-12b-it,regular,Lithuanian,B1,0216-073124.json,0,3,0,0
google--gemma-3-12b-it,regular,Lithuanian,B1,0216-081532.json,2,3,0,14
google--gemma-3-12b-it,regular,Lithuanian,B1,0216-062329.json,1,3,0,15
google--gemma-3-12b-it,regular,Lithuanian,B1,0216-062000.json,0,4,0,0
google--gemma-3-12b-it,regular,Lithuanian,B1,0216-080044.json,7,0,0,23
google--gemma-3-12b-it,regular,Lithuanian,B1,0216-073408.json,0,0,0,1
google--gemma-3-12b-it,regular,Lithuanian,B1,0216-072515.json,0,2,0,6
google--gemma-3-12b-it,regular,Lithuanian,B1,0216-064102.json,0,8,0,7
google--gemma-3-12b-it,regular,Lithuanian,B1,0216-071925.json,0,0,0,11
google--gemma-3-12b-it,regular,Lithuanian,B1,0216-060706.json,1,1,0,4
google--gemma-3-12b-it,regular,Lithuanian,B1,0216-080749.json,0,0,0,12
google--gemma-3-12b-it,regular,Lithuanian,B1,0216-065948.json,0,1,0,7
google--gemma-3-12b-it,regular,Lithuanian,B1,0216-080307.json,0,1,0,3
google--gemma-3-12b-it,regular,Lithuanian,B1,0216-082132.json,1,8,0,1
google--gemma-3-12b-it,regular,Lithuanian,B1,0216-081135.json,0,2,0,3
google--gemma-3-12b-it,regular,Lithuanian,B1,0216-074734.json,0,1,0,7
google--gemma-3-12b-it,regular,Lithuanian,B1,0216-061504.json,0,2,0,16
google--gemma-3-12b-it,regular,Lithuanian,B1,0216-065331.json,0,3,0,14
google--gemma-3-12b-it,regular,Lithuanian,B1,0216-075256.json,0,2,0,4
google--gemma-3-12b-it,regular,Lithuanian,B1,0216-082846.json,0,2,0,1
google--gemma-3-12b-it,regular,Lithuanian,B1,0216-063535.json,1,4,0,18
google--gemma-3-12b-it,regular,Lithuanian,B1,0216-064724.json,0,4,0,1
google--gemma-3-12b-it,regular,Lithuanian,B1,0216-075615.json,0,2,0,0
google--gemma-3-12b-it,regular,Lithuanian,B1,0216-082428.json,0,4,0,7
google--gemma-3-12b-it,regular,Lithuanian,B1,0216-074007.json,0,6,0,9
google--gemma-3-12b-it,regular,Lithuanian,B1,0216-063003.json,0,13,0,17
google--gemma-3-12b-it,regular,Lithuanian,B1,0216-074455.json,0,3,0,1
google--gemma-3-12b-it,regular,Lithuanian,C1,0216-085513.json,0,3,0,2
google--gemma-3-12b-it,regular,Lithuanian,C1,0216-113808.json,1,3,0,3
google--gemma-3-12b-it,regular,Lithuanian,C1,0216-103002.json,0,0,0,3
google--gemma-3-12b-it,regular,Lithuanian,C1,0216-101847.json,0,2,0,2
google--gemma-3-12b-it,regular,Lithuanian,C1,0216-104304.json,0,13,0,8
google--gemma-3-12b-it,regular,Lithuanian,C1,0216-094321.json,0,0,0,2
google--gemma-3-12b-it,regular,Lithuanian,C1,0216-093822.json,0,3,0,2
google--gemma-3-12b-it,regular,Lithuanian,C1,0216-111120.json,0,3,0,5
google--gemma-3-12b-it,regular,Lithuanian,C1,0216-110609.json,0,10,0,9
google--gemma-3-12b-it,regular,Lithuanian,C1,0216-093417.json,0,3,0,1
google--gemma-3-12b-it,regular,Lithuanian,C1,0216-095655.json,0,1,0,0
google--gemma-3-12b-it,regular,Lithuanian,C1,0216-114645.json,0,2,0,7
google--gemma-3-12b-it,regular,Lithuanian,C1,0216-103600.json,0,10,0,0
google--gemma-3-12b-it,regular,Lithuanian,C1,0216-092718.json,2,11,0,4
google--gemma-3-12b-it,regular,Lithuanian,C1,0216-115416.json,0,2,0,15
google--gemma-3-12b-it,regular,Lithuanian,C1,0216-091127.json,0,1,0,0
google--gemma-3-12b-it,regular,Lithuanian,C1,0216-120037.json,0,26,1,26
google--gemma-3-12b-it,regular,Lithuanian,C1,0216-090741.json,0,3,0,4
google--gemma-3-12b-it,regular,Lithuanian,C1,0216-110018.json,0,1,0,1
google--gemma-3-12b-it,regular,Lithuanian,C1,0216-090144.json,0,1,0,0
google--gemma-3-12b-it,regular,Lithuanian,C1,0216-100527.json,0,3,0,3
google--gemma-3-12b-it,regular,Lithuanian,C1,0216-111848.json,3,2,0,1
google--gemma-3-12b-it,regular,Lithuanian,C1,0216-083731.json,0,3,0,2
google--gemma-3-12b-it,regular,Lithuanian,C1,0216-091903.json,0,6,0,0
google--gemma-3-12b-it,regular,Lithuanian,C1,0216-101209.json,1,6,0,7
google--gemma-3-12b-it,regular,Lithuanian,C1,0216-105119.json,0,2,0,0
google--gemma-3-12b-it,regular,Lithuanian,C1,0216-112835.json,1,2,0,5
google--gemma-3-12b-it,regular,Lithuanian,C1,0216-102608.json,0,4,0,2
google--gemma-3-12b-it,regular,Lithuanian,C1,0216-084717.json,0,3,0,0
google--gemma-3-12b-it,regular,Lithuanian,C1,0216-095215.json,0,1,0,1
google--gemma-3-12b-it,regular,Lithuanian,A1,0216-052325.json,0,0,0,0
google--gemma-3-12b-it,regular,Lithuanian,A1,0216-050151.json,0,0,0,0
google--gemma-3-12b-it,regular,Lithuanian,A1,0216-050012.json,0,3,0,0
google--gemma-3-12b-it,regular,Lithuanian,A1,0216-050603.json,1,1,0,0
google--gemma-3-12b-it,regular,Lithuanian,A1,0216-055253.json,6,1,0,1
google--gemma-3-12b-it,regular,Lithuanian,A1,0216-051409.json,0,6,0,0
google--gemma-3-12b-it,regular,Lithuanian,A1,0216-060310.json,0,5,0,0
google--gemma-3-12b-it,regular,Lithuanian,A1,0216-053807.json,1,4,0,0
google--gemma-3-12b-it,regular,Lithuanian,A1,0216-053937.json,0,1,0,0
google--gemma-3-12b-it,regular,Lithuanian,A1,0216-055416.json,0,0,0,0
google--gemma-3-12b-it,regular,Lithuanian,A1,0216-052705.json,0,6,0,2
google--gemma-3-12b-it,regular,Lithuanian,A1,0216-054916.json,0,1,0,0
google--gemma-3-12b-it,regular,Lithuanian,A1,0216-055712.json,0,1,0,0
google--gemma-3-12b-it,regular,Lithuanian,A1,0216-050346.json,1,3,0,2
google--gemma-3-12b-it,regular,Lithuanian,A1,0216-053538.json,0,1,0,0
google--gemma-3-12b-it,regular,Lithuanian,A1,0216-054621.json,1,3,0,3
google--gemma-3-12b-it,regular,Lithuanian,A1,0216-045846.json,1,0,0,1
google--gemma-3-12b-it,regular,Lithuanian,A1,0216-051629.json,0,1,0,0
google--gemma-3-12b-it,regular,Lithuanian,A1,0216-050906.json,1,1,0,12
google--gemma-3-12b-it,regular,Lithuanian,A1,0216-054215.json,0,2,0,0
google--gemma-3-12b-it,regular,Lithuanian,A1,0216-053101.json,1,2,0,0
google--gemma-3-12b-it,regular,Lithuanian,A1,0216-045452.json,2,4,0,2
google--gemma-3-12b-it,regular,Lithuanian,A1,0216-054107.json,0,0,0,0
google--gemma-3-12b-it,regular,Lithuanian,A1,0216-051818.json,0,0,0,0
google--gemma-3-12b-it,regular,Lithuanian,A1,0216-051052.json,0,2,0,6
google--gemma-3-12b-it,regular,Lithuanian,A1,0216-054427.json,0,7,0,0
google--gemma-3-12b-it,regular,Lithuanian,A1,0216-052907.json,0,3,0,0
google--gemma-3-12b-it,regular,Lithuanian,A1,0216-055927.json,0,3,0,0
google--gemma-3-12b-it,regular,Lithuanian,A1,0216-052139.json,0,1,0,0
google--gemma-3-12b-it,regular,Lithuanian,A1,0216-053323.json,1,3,0,0
google--gemma-3-27b-it,constrained,English,B1,0309-095046.json,0,2,0,0
google--gemma-3-27b-it,constrained,English,B1,0309-100016.json,0,3,0,0
google--gemma-3-27b-it,constrained,English,B1,0309-090118.json,0,7,0,0
google--gemma-3-27b-it,constrained,English,B1,0309-071918.json,0,7,0,0
google--gemma-3-27b-it,constrained,English,B1,0309-070505.json,0,110,0,5
google--gemma-3-27b-it,constrained,English,B1,0309-111026.json,0,3,0,1
google--gemma-3-27b-it,constrained,English,B1,0309-103339.json,1,11,0,4
google--gemma-3-27b-it,constrained,English,B1,0309-080047.json,0,1,0,4
google--gemma-3-27b-it,constrained,English,B1,0309-071201.json,0,2,0,3
google--gemma-3-27b-it,constrained,English,B1,0309-083802.json,0,132,0,9
google--gemma-3-27b-it,constrained,English,B1,0309-064444.json,0,3,0,0
google--gemma-3-27b-it,constrained,English,B1,0309-063914.json,0,2,0,1
google--gemma-3-27b-it,constrained,English,B1,0309-081109.json,0,3,0,4
google--gemma-3-27b-it,constrained,English,B1,0309-075119.json,0,2,0,0
google--gemma-3-27b-it,constrained,English,B1,0309-101046.json,0,1,0,0
google--gemma-3-27b-it,constrained,English,B1,0309-112023.json,0,46,0,2
google--gemma-3-27b-it,constrained,English,B1,0309-102158.json,1,1,0,3
google--gemma-3-27b-it,constrained,English,B1,0309-093654.json,0,0,0,3
google--gemma-3-27b-it,constrained,English,B1,0309-104608.json,9,0,0,1
google--gemma-3-27b-it,constrained,English,B1,0309-072711.json,0,0,0,0
google--gemma-3-27b-it,constrained,English,B1,0309-091935.json,0,4,0,1
google--gemma-3-27b-it,constrained,English,B1,0309-094247.json,4,8,0,0
google--gemma-3-27b-it,constrained,English,B1,0309-084529.json,0,0,0,2
google--gemma-3-27b-it,constrained,English,B1,0309-065353.json,0,9,0,21
google--gemma-3-27b-it,constrained,English,B1,0309-105858.json,0,123,0,16
google--gemma-3-27b-it,constrained,English,B1,0309-092716.json,0,32,0,0
google--gemma-3-27b-it,constrained,English,B1,0309-082501.json,0,134,0,5
google--gemma-3-27b-it,constrained,English,B1,0309-085248.json,0,43,0,3
google--gemma-3-27b-it,constrained,English,B1,0309-090922.json,0,1,0,3
google--gemma-3-27b-it,constrained,English,B1,0309-073901.json,0,6,0,0
google--gemma-3-27b-it,constrained,English,C1,0309-182743.json,0,0,0,4
google--gemma-3-27b-it,constrained,English,C1,0309-192114.json,0,6,0,3
google--gemma-3-27b-it,constrained,English,C1,0309-134422.json,0,1,0,1
google--gemma-3-27b-it,constrained,English,C1,0309-172205.json,0,6,0,5
google--gemma-3-27b-it,constrained,English,C1,0309-184612.json,3,11,0,93
google--gemma-3-27b-it,constrained,English,C1,0309-162902.json,2,2,0,6
google--gemma-3-27b-it,constrained,English,C1,0309-132934.json,0,7,0,0
google--gemma-3-27b-it,constrained,English,C1,0309-155653.json,0,1,0,1
google--gemma-3-27b-it,constrained,English,C1,0309-124120.json,0,4,0,9
google--gemma-3-27b-it,constrained,English,C1,0309-122553.json,0,2,0,2
google--gemma-3-27b-it,constrained,English,C1,0309-120741.json,0,3,0,8
google--gemma-3-27b-it,constrained,English,C1,0309-173819.json,1,1,0,3
google--gemma-3-27b-it,constrained,English,C1,0309-131646.json,0,44,0,3
google--gemma-3-27b-it,constrained,English,C1,0309-180003.json,0,2,0,11
google--gemma-3-27b-it,constrained,English,C1,0309-140909.json,0,1,0,0
google--gemma-3-27b-it,constrained,English,C1,0309-152323.json,0,2,0,0
google--gemma-3-27b-it,constrained,English,C1,0309-143807.json,0,1,0,12
google--gemma-3-27b-it,constrained,English,C1,0309-113858.json,0,1,0,9
google--gemma-3-27b-it,constrained,English,C1,0309-194220.json,0,2,0,8
google--gemma-3-27b-it,constrained,English,C1,0309-165847.json,0,4,0,1
google--gemma-3-27b-it,constrained,English,C1,0309-150619.json,0,1,0,1
google--gemma-3-27b-it,constrained,English,C1,0309-115452.json,0,1,0,1
google--gemma-3-27b-it,constrained,English,C1,0309-161235.json,0,5,0,6
google--gemma-3-27b-it,constrained,English,C1,0309-154237.json,0,2,0,0
google--gemma-3-27b-it,constrained,English,C1,0309-190553.json,0,2,0,4
google--gemma-3-27b-it,constrained,English,C1,0309-164333.json,1,0,0,8
google--gemma-3-27b-it,constrained,English,C1,0309-145627.json,1,2,0,1
google--gemma-3-27b-it,constrained,English,C1,0309-142540.json,0,3,0,3
google--gemma-3-27b-it,constrained,English,C1,0309-125739.json,0,24,0,0
google--gemma-3-27b-it,constrained,English,C1,0309-181315.json,0,1,0,1
google--gemma-3-27b-it,constrained,English,A1,0309-044228.json,0,67,0,0
google--gemma-3-27b-it,constrained,English,A1,0309-053107.json,0,74,0,0
google--gemma-3-27b-it,constrained,English,A1,0309-055539.json,0,87,0,0
google--gemma-3-27b-it,constrained,English,A1,0309-052004.json,0,63,0,0
google--gemma-3-27b-it,constrained,English,A1,0309-054147.json,0,62,0,2
google--gemma-3-27b-it,constrained,English,A1,0309-051645.json,5,74,0,1
google--gemma-3-27b-it,constrained,English,A1,0309-062427.json,0,85,0,0
google--gemma-3-27b-it,constrained,English,A1,0309-044903.json,0,56,0,0
google--gemma-3-27b-it,constrained,English,A1,0309-045333.json,0,83,0,0
google--gemma-3-27b-it,constrained,English,A1,0309-062017.json,0,76,0,0
google--gemma-3-27b-it,constrained,English,A1,0309-051252.json,0,72,0,0
google--gemma-3-27b-it,constrained,English,A1,0309-052710.json,0,59,0,0
google--gemma-3-27b-it,constrained,English,A1,0309-044551.json,0,53,0,0
google--gemma-3-27b-it,constrained,English,A1,0309-061557.json,0,61,0,0
google--gemma-3-27b-it,constrained,English,A1,0309-050929.json,0,62,0,0
google--gemma-3-27b-it,constrained,English,A1,0309-050604.json,0,77,0,0
google--gemma-3-27b-it,constrained,English,A1,0309-060920.json,0,72,0,0
google--gemma-3-27b-it,constrained,English,A1,0309-055102.json,0,51,0,0
google--gemma-3-27b-it,constrained,English,A1,0309-054830.json,0,55,0,0
google--gemma-3-27b-it,constrained,English,A1,0309-052402.json,1,67,0,9
google--gemma-3-27b-it,constrained,English,A1,0309-043833.json,0,73,0,0
google--gemma-3-27b-it,constrained,English,A1,0309-055925.json,0,71,0,0
google--gemma-3-27b-it,constrained,English,A1,0309-053422.json,0,61,0,0
google--gemma-3-27b-it,constrained,English,A1,0309-045706.json,0,74,0,0
google--gemma-3-27b-it,constrained,English,A1,0309-061244.json,0,63,0,0
google--gemma-3-27b-it,constrained,English,A1,0309-062746.json,0,71,0,0
google--gemma-3-27b-it,constrained,English,A1,0309-053813.json,0,70,0,0
google--gemma-3-27b-it,constrained,English,A1,0309-054530.json,0,83,0,0
google--gemma-3-27b-it,constrained,English,A1,0309-060524.json,0,92,0,0
google--gemma-3-27b-it,constrained,English,A1,0309-050146.json,0,78,0,0
google--gemma-3-27b-it,constrained,Lithuanian,B1,0308-172741.json,0,2,0,7
google--gemma-3-27b-it,constrained,Lithuanian,B1,0308-171855.json,0,6,0,14
google--gemma-3-27b-it,constrained,Lithuanian,B1,0308-184021.json,0,4,0,4
google--gemma-3-27b-it,constrained,Lithuanian,B1,0308-201114.json,0,6,0,15
google--gemma-3-27b-it,constrained,Lithuanian,B1,0308-193610.json,2,1,0,25
google--gemma-3-27b-it,constrained,Lithuanian,B1,0308-205454.json,2,4,0,3
google--gemma-3-27b-it,constrained,Lithuanian,B1,0308-204645.json,0,6,0,1
google--gemma-3-27b-it,constrained,Lithuanian,B1,0308-201850.json,0,3,0,0
google--gemma-3-27b-it,constrained,Lithuanian,B1,0308-203108.json,1,7,0,7
google--gemma-3-27b-it,constrained,Lithuanian,B1,0308-185836.json,0,1,0,5
google--gemma-3-27b-it,constrained,Lithuanian,B1,0308-192719.json,0,2,0,0
google--gemma-3-27b-it,constrained,Lithuanian,B1,0308-195828.json,0,4,0,12
google--gemma-3-27b-it,constrained,Lithuanian,B1,0308-170818.json,0,2,0,0
google--gemma-3-27b-it,constrained,Lithuanian,B1,0308-164505.json,0,3,0,4
google--gemma-3-27b-it,constrained,Lithuanian,B1,0308-211900.json,0,1,0,1
google--gemma-3-27b-it,constrained,Lithuanian,B1,0308-181908.json,0,13,0,5
google--gemma-3-27b-it,constrained,Lithuanian,B1,0308-194711.json,0,4,0,1
google--gemma-3-27b-it,constrained,Lithuanian,B1,0308-190742.json,0,3,0,3
google--gemma-3-27b-it,constrained,Lithuanian,B1,0308-180058.json,0,25,0,1
google--gemma-3-27b-it,constrained,Lithuanian,B1,0308-191851.json,0,3,0,1
google--gemma-3-27b-it,constrained,Lithuanian,B1,0308-165716.json,2,1,0,6
google--gemma-3-27b-it,constrained,Lithuanian,B1,0308-182939.json,3,1,0,13
google--gemma-3-27b-it,constrained,Lithuanian,B1,0308-212751.json,0,4,0,0
google--gemma-3-27b-it,constrained,Lithuanian,B1,0308-175329.json,0,5,0,11
google--gemma-3-27b-it,constrained,Lithuanian,B1,0308-184906.json,0,2,0,1
google--gemma-3-27b-it,constrained,Lithuanian,B1,0308-210955.json,0,1,0,0
google--gemma-3-27b-it,constrained,Lithuanian,B1,0308-180753.json,0,2,0,0
google--gemma-3-27b-it,constrained,Lithuanian,B1,0308-174304.json,0,5,0,0
google--gemma-3-27b-it,constrained,Lithuanian,B1,0308-210220.json,0,1,0,9
google--gemma-3-27b-it,constrained,Lithuanian,B1,0308-203948.json,0,3,0,17
google--gemma-3-27b-it,constrained,Lithuanian,C1,0309-033858.json,0,17,0,1
google--gemma-3-27b-it,constrained,Lithuanian,C1,0309-023736.json,0,4,0,0
google--gemma-3-27b-it,constrained,Lithuanian,C1,0309-043304.json,0,0,0,2
google--gemma-3-27b-it,constrained,Lithuanian,C1,0309-022538.json,0,1,0,2
google--gemma-3-27b-it,constrained,Lithuanian,C1,0309-005748.json,0,2,0,4
google--gemma-3-27b-it,constrained,Lithuanian,C1,0309-041719.json,0,2,0,3
google--gemma-3-27b-it,constrained,Lithuanian,C1,0308-214454.json,0,0,0,0
google--gemma-3-27b-it,constrained,Lithuanian,C1,0308-232902.json,0,12,0,13
google--gemma-3-27b-it,constrained,Lithuanian,C1,0309-012441.json,0,3,0,1
google--gemma-3-27b-it,constrained,Lithuanian,C1,0309-014216.json,0,1,0,4
google--gemma-3-27b-it,constrained,Lithuanian,C1,0309-004652.json,0,7,0,19
google--gemma-3-27b-it,constrained,Lithuanian,C1,0308-215402.json,0,1,0,3
google--gemma-3-27b-it,constrained,Lithuanian,C1,0309-025101.json,0,18,0,4
google--gemma-3-27b-it,constrained,Lithuanian,C1,0309-021044.json,0,1,0,1
google--gemma-3-27b-it,constrained,Lithuanian,C1,0308-230357.json,0,2,0,9
google--gemma-3-27b-it,constrained,Lithuanian,C1,0309-001459.json,0,1,0,1
google--gemma-3-27b-it,constrained,Lithuanian,C1,0308-234324.json,1,6,0,1
google--gemma-3-27b-it,constrained,Lithuanian,C1,0308-223619.json,0,4,0,7
google--gemma-3-27b-it,constrained,Lithuanian,C1,0309-040043.json,1,3,0,13
google--gemma-3-27b-it,constrained,Lithuanian,C1,0309-032301.json,0,1,0,4
google--gemma-3-27b-it,constrained,Lithuanian,C1,0308-224837.json,1,5,0,2
google--gemma-3-27b-it,constrained,Lithuanian,C1,0308-235724.json,0,3,0,2
google--gemma-3-27b-it,constrained,Lithuanian,C1,0308-220406.json,0,2,0,6
google--gemma-3-27b-it,constrained,Lithuanian,C1,0309-015512.json,0,2,0,4
google--gemma-3-27b-it,constrained,Lithuanian,C1,0308-231626.json,0,1,0,0
google--gemma-3-27b-it,constrained,Lithuanian,C1,0308-221840.json,0,6,0,0
google--gemma-3-27b-it,constrained,Lithuanian,C1,0309-002919.json,0,3,0,0
google--gemma-3-27b-it,constrained,Lithuanian,C1,0309-030826.json,0,3,0,11
google--gemma-3-27b-it,constrained,Lithuanian,C1,0309-034810.json,0,2,0,2
google--gemma-3-27b-it,constrained,Lithuanian,C1,0309-011228.json,0,2,0,6
google--gemma-3-27b-it,constrained,Lithuanian,A1,0308-151308.json,0,2,0,2
google--gemma-3-27b-it,constrained,Lithuanian,A1,0308-151857.json,0,13,0,0
google--gemma-3-27b-it,constrained,Lithuanian,A1,0308-150640.json,1,2,0,0
google--gemma-3-27b-it,constrained,Lithuanian,A1,0308-153522.json,1,2,0,0
google--gemma-3-27b-it,constrained,Lithuanian,A1,0308-153207.json,7,1,0,0
google--gemma-3-27b-it,constrained,Lithuanian,A1,0308-160428.json,0,2,0,1
google--gemma-3-27b-it,constrained,Lithuanian,A1,0308-145419.json,0,10,0,6
google--gemma-3-27b-it,constrained,Lithuanian,A1,0308-161755.json,0,1,0,0
google--gemma-3-27b-it,constrained,Lithuanian,A1,0308-163019.json,0,6,0,0
google--gemma-3-27b-it,constrained,Lithuanian,A1,0308-150318.json,0,4,0,3
google--gemma-3-27b-it,constrained,Lithuanian,A1,0308-163450.json,0,5,0,0
google--gemma-3-27b-it,constrained,Lithuanian,A1,0308-161139.json,0,4,0,0
google--gemma-3-27b-it,constrained,Lithuanian,A1,0308-155119.json,0,2,0,0
google--gemma-3-27b-it,constrained,Lithuanian,A1,0308-154532.json,0,0,0,0
google--gemma-3-27b-it,constrained,Lithuanian,A1,0308-162707.json,0,3,0,0
google--gemma-3-27b-it,constrained,Lithuanian,A1,0308-155538.json,0,2,0,0
google--gemma-3-27b-it,constrained,Lithuanian,A1,0308-160846.json,1,2,0,0
google--gemma-3-27b-it,constrained,Lithuanian,A1,0308-145850.json,1,3,0,1
google--gemma-3-27b-it,constrained,Lithuanian,A1,0308-162139.json,0,4,0,0
google--gemma-3-27b-it,constrained,Lithuanian,A1,0308-154813.json,0,2,0,0
google--gemma-3-27b-it,constrained,Lithuanian,A1,0308-144825.json,0,3,0,5
google--gemma-3-27b-it,constrained,Lithuanian,A1,0308-152737.json,0,2,0,0
google--gemma-3-27b-it,constrained,Lithuanian,A1,0308-161542.json,0,2,0,3
google--gemma-3-27b-it,constrained,Lithuanian,A1,0308-152316.json,0,3,0,0
google--gemma-3-27b-it,constrained,Lithuanian,A1,0308-155927.json,0,3,0,4
google--gemma-3-27b-it,constrained,Lithuanian,A1,0308-154148.json,6,1,0,0
google--gemma-3-27b-it,constrained,Lithuanian,A1,0308-144345.json,0,2,0,0
google--gemma-3-27b-it,constrained,Lithuanian,A1,0308-151540.json,0,6,0,0
google--gemma-3-27b-it,constrained,Lithuanian,A1,0308-153850.json,0,1,0,0
google--gemma-3-27b-it,constrained,Lithuanian,A1,0308-150848.json,0,3,0,0
google--gemma-3-27b-it,regular,English,B1,0218-035809.json,0,7,0,0
google--gemma-3-27b-it,regular,English,B1,0218-020103.json,0,27,0,0
google--gemma-3-27b-it,regular,English,B1,0218-041738.json,0,4,0,30
google--gemma-3-27b-it,regular,English,B1,0218-025339.json,0,137,0,7
google--gemma-3-27b-it,regular,English,B1,0218-042704.json,0,4,0,1
google--gemma-3-27b-it,regular,English,B1,0217-235426.json,0,103,0,11
google--gemma-3-27b-it,regular,English,B1,0218-013212.json,0,96,0,7
google--gemma-3-27b-it,regular,English,B1,0218-033233.json,1,3,0,0
google--gemma-3-27b-it,regular,English,B1,0218-031531.json,0,41,0,2
google--gemma-3-27b-it,regular,English,B1,0218-040741.json,0,5,0,0
google--gemma-3-27b-it,regular,English,B1,0218-001447.json,1,4,0,0
google--gemma-3-27b-it,regular,English,B1,0218-002537.json,0,97,0,1
google--gemma-3-27b-it,regular,English,B1,0218-022108.json,0,2,0,0
google--gemma-3-27b-it,regular,English,B1,0218-034454.json,3,2,0,1
google--gemma-3-27b-it,regular,English,B1,0218-004214.json,0,6,0,13
google--gemma-3-27b-it,regular,English,B1,0218-014227.json,0,6,0,1
google--gemma-3-27b-it,regular,English,B1,0218-021221.json,1,3,0,14
google--gemma-3-27b-it,regular,English,B1,0218-030506.json,0,147,0,4
google--gemma-3-27b-it,regular,English,B1,0218-011326.json,0,5,0,1
google--gemma-3-27b-it,regular,English,B1,0218-005746.json,0,151,0,0
google--gemma-3-27b-it,regular,English,B1,0218-043756.json,0,8,0,4
google--gemma-3-27b-it,regular,English,B1,0218-035147.json,0,12,0,0
google--gemma-3-27b-it,regular,English,B1,0218-044742.json,1,9,0,0
google--gemma-3-27b-it,regular,English,B1,0218-023108.json,0,2,0,9
google--gemma-3-27b-it,regular,English,B1,0218-011943.json,0,2,0,1
google--gemma-3-27b-it,regular,English,B1,0218-024000.json,1,6,0,2
google--gemma-3-27b-it,regular,English,B1,0218-032315.json,0,0,0,6
google--gemma-3-27b-it,regular,English,B1,0218-003207.json,0,58,0,0
google--gemma-3-27b-it,regular,English,B1,0218-015406.json,0,19,0,6
google--gemma-3-27b-it,regular,English,B1,0218-000507.json,0,4,0,5
google--gemma-3-27b-it,regular,English,C1,0218-061630.json,0,3,0,1
google--gemma-3-27b-it,regular,English,C1,0218-081002.json,0,3,0,10
google--gemma-3-27b-it,regular,English,C1,0218-101644.json,0,1,0,0
google--gemma-3-27b-it,regular,English,C1,0218-062859.json,0,8,0,7
google--gemma-3-27b-it,regular,English,C1,0218-065312.json,0,2,0,5
google--gemma-3-27b-it,regular,English,C1,0218-072838.json,0,5,0,17
google--gemma-3-27b-it,regular,English,C1,0218-093326.json,0,1,0,2
google--gemma-3-27b-it,regular,English,C1,0218-110510.json,0,5,0,9
google--gemma-3-27b-it,regular,English,C1,0218-052739.json,0,2,0,1
google--gemma-3-27b-it,regular,English,C1,0218-055320.json,1,1,0,10
google--gemma-3-27b-it,regular,English,C1,0218-085328.json,6,24,0,5
google--gemma-3-27b-it,regular,English,C1,0218-083437.json,0,1,0,1
google--gemma-3-27b-it,regular,English,C1,0218-070456.json,1,1,0,4
google--gemma-3-27b-it,regular,English,C1,0218-053847.json,2,2,0,7
google--gemma-3-27b-it,regular,English,C1,0218-104156.json,0,14,0,0
google--gemma-3-27b-it,regular,English,C1,0218-071756.json,0,0,0,7
google--gemma-3-27b-it,regular,English,C1,0218-094606.json,0,8,0,18
google--gemma-3-27b-it,regular,English,C1,0218-050211.json,0,4,0,3
google--gemma-3-27b-it,regular,English,C1,0218-101039.json,0,2,0,5
google--gemma-3-27b-it,regular,English,C1,0218-091739.json,0,8,0,8
google--gemma-3-27b-it,regular,English,C1,0218-082148.json,1,3,0,2
google--gemma-3-27b-it,regular,English,C1,0218-090540.json,0,2,0,0
google--gemma-3-27b-it,regular,English,C1,0218-064056.json,0,0,0,3
google--gemma-3-27b-it,regular,English,C1,0218-095735.json,6,10,0,5
google--gemma-3-27b-it,regular,English,C1,0218-102834.json,0,5,0,11
google--gemma-3-27b-it,regular,English,C1,0218-074148.json,0,7,0,2
google--gemma-3-27b-it,regular,English,C1,0218-105311.json,3,8,0,17
google--gemma-3-27b-it,regular,English,C1,0218-080045.json,0,2,0,0
google--gemma-3-27b-it,regular,English,C1,0218-075125.json,0,2,0,4
google--gemma-3-27b-it,regular,English,C1,0218-051726.json,0,11,0,4
google--gemma-3-27b-it,regular,English,A1,0217-214426.json,0,62,0,0
google--gemma-3-27b-it,regular,English,A1,0217-224145.json,0,67,0,0
google--gemma-3-27b-it,regular,English,A1,0217-233027.json,0,63,0,0
google--gemma-3-27b-it,regular,English,A1,0217-231420.json,0,69,0,0
google--gemma-3-27b-it,regular,English,A1,0217-214123.json,0,84,0,0
google--gemma-3-27b-it,regular,English,A1,0217-230509.json,1,76,0,0
google--gemma-3-27b-it,regular,English,A1,0217-230041.json,0,66,0,0
google--gemma-3-27b-it,regular,English,A1,0217-233433.json,0,69,0,0
google--gemma-3-27b-it,regular,English,A1,0217-225647.json,1,59,0,2
google--gemma-3-27b-it,regular,English,A1,0217-214743.json,0,64,0,0
google--gemma-3-27b-it,regular,English,A1,0217-215307.json,0,80,0,1
google--gemma-3-27b-it,regular,English,A1,0217-222041.json,0,104,0,0
google--gemma-3-27b-it,regular,English,A1,0217-225349.json,0,83,0,0
google--gemma-3-27b-it,regular,English,A1,0217-231838.json,1,64,0,0
google--gemma-3-27b-it,regular,English,A1,0217-223755.json,0,77,0,0
google--gemma-3-27b-it,regular,English,A1,0217-220248.json,1,68,0,0
google--gemma-3-27b-it,regular,English,A1,0217-234243.json,0,72,0,0
google--gemma-3-27b-it,regular,English,A1,0217-212529.json,0,76,0,0
google--gemma-3-27b-it,regular,English,A1,0217-232629.json,0,54,0,0
google--gemma-3-27b-it,regular,English,A1,0217-212937.json,0,67,0,0
google--gemma-3-27b-it,regular,English,A1,0217-220808.json,0,88,0,0
google--gemma-3-27b-it,regular,English,A1,0217-213724.json,0,72,0,0
google--gemma-3-27b-it,regular,English,A1,0217-233831.json,0,73,0,0
google--gemma-3-27b-it,regular,English,A1,0217-222615.json,0,90,0,3
google--gemma-3-27b-it,regular,English,A1,0217-232336.json,0,80,0,0
google--gemma-3-27b-it,regular,English,A1,0217-230909.json,0,65,0,0
google--gemma-3-27b-it,regular,English,A1,0217-224950.json,0,98,0,0
google--gemma-3-27b-it,regular,English,A1,0217-221236.json,0,67,0,0
google--gemma-3-27b-it,regular,English,A1,0217-213301.json,0,64,0,1
google--gemma-3-27b-it,regular,English,A1,0217-215822.json,0,76,0,0
google--gemma-3-27b-it,regular,Lithuanian,B1,0216-202150.json,0,0,0,8
google--gemma-3-27b-it,regular,Lithuanian,B1,0216-191637.json,0,0,0,2
google--gemma-3-27b-it,regular,Lithuanian,B1,0216-201215.json,0,6,0,5
google--gemma-3-27b-it,regular,Lithuanian,B1,0216-154232.json,0,2,0,0
google--gemma-3-27b-it,regular,Lithuanian,B1,0216-164904.json,0,1,0,4
google--gemma-3-27b-it,regular,Lithuanian,B1,0216-183142.json,0,5,0,0
google--gemma-3-27b-it,regular,Lithuanian,B1,0216-162152.json,0,6,0,9
google--gemma-3-27b-it,regular,Lithuanian,B1,0216-155938.json,1,0,0,13
google--gemma-3-27b-it,regular,Lithuanian,B1,0216-171147.json,0,4,0,5
google--gemma-3-27b-it,regular,Lithuanian,B1,0216-181006.json,7,1,0,4
google--gemma-3-27b-it,regular,Lithuanian,B1,0216-194300.json,0,3,0,1
google--gemma-3-27b-it,regular,Lithuanian,B1,0216-172305.json,0,5,0,2
google--gemma-3-27b-it,regular,Lithuanian,B1,0216-204628.json,0,0,0,0
google--gemma-3-27b-it,regular,Lithuanian,B1,0216-192532.json,0,5,0,4
google--gemma-3-27b-it,regular,Lithuanian,B1,0216-161114.json,1,1,0,4
google--gemma-3-27b-it,regular,Lithuanian,B1,0216-195143.json,0,3,0,0
google--gemma-3-27b-it,regular,Lithuanian,B1,0216-190736.json,0,3,0,2
google--gemma-3-27b-it,regular,Lithuanian,B1,0216-203116.json,1,3,0,2
google--gemma-3-27b-it,regular,Lithuanian,B1,0216-193457.json,2,2,0,1
google--gemma-3-27b-it,regular,Lithuanian,B1,0216-182129.json,0,5,0,6
google--gemma-3-27b-it,regular,Lithuanian,B1,0216-175013.json,0,3,0,14
google--gemma-3-27b-it,regular,Lithuanian,B1,0216-200157.json,2,9,0,0
google--gemma-3-27b-it,regular,Lithuanian,B1,0216-163027.json,0,3,0,24
google--gemma-3-27b-it,regular,Lithuanian,B1,0216-173357.json,0,3,0,0
google--gemma-3-27b-it,regular,Lithuanian,B1,0216-175924.json,0,4,0,2
google--gemma-3-27b-it,regular,Lithuanian,B1,0216-184433.json,0,7,0,7
google--gemma-3-27b-it,regular,Lithuanian,B1,0216-164036.json,0,2,0,1
google--gemma-3-27b-it,regular,Lithuanian,B1,0216-185342.json,1,6,0,0
google--gemma-3-27b-it,regular,Lithuanian,B1,0216-174108.json,0,6,0,0
google--gemma-3-27b-it,regular,Lithuanian,B1,0216-170007.json,0,3,0,2
google--gemma-3-27b-it,regular,Lithuanian,C1,0218-151637.json,0,4,0,2
google--gemma-3-27b-it,regular,Lithuanian,C1,0218-144059.json,0,1,0,11
google--gemma-3-27b-it,regular,Lithuanian,C1,0218-160928.json,0,11,0,2
google--gemma-3-27b-it,regular,Lithuanian,C1,0218-114547.json,0,3,0,3
google--gemma-3-27b-it,regular,Lithuanian,C1,0218-133002.json,3,3,0,11
google--gemma-3-27b-it,regular,Lithuanian,C1,0218-155113.json,1,0,0,0
google--gemma-3-27b-it,regular,Lithuanian,C1,0218-113006.json,2,5,0,27
google--gemma-3-27b-it,regular,Lithuanian,C1,0218-131816.json,0,2,0,3
google--gemma-3-27b-it,regular,Lithuanian,C1,0218-125714.json,0,2,0,1
google--gemma-3-27b-it,regular,Lithuanian,C1,0218-134042.json,0,3,0,10
google--gemma-3-27b-it,regular,Lithuanian,C1,0218-163305.json,0,9,0,7
google--gemma-3-27b-it,regular,Lithuanian,C1,0218-150430.json,0,6,0,0
google--gemma-3-27b-it,regular,Lithuanian,C1,0218-111451.json,0,4,0,1
google--gemma-3-27b-it,regular,Lithuanian,C1,0218-131005.json,3,3,0,8
google--gemma-3-27b-it,regular,Lithuanian,C1,0218-120248.json,0,2,0,1
google--gemma-3-27b-it,regular,Lithuanian,C1,0218-135517.json,0,2,0,2
google--gemma-3-27b-it,regular,Lithuanian,C1,0218-142603.json,0,3,0,1
google--gemma-3-27b-it,regular,Lithuanian,C1,0216-211328.json,1,6,0,2
google--gemma-3-27b-it,regular,Lithuanian,C1,0218-123621.json,0,2,0,0
google--gemma-3-27b-it,regular,Lithuanian,C1,0218-161848.json,0,1,0,1
google--gemma-3-27b-it,regular,Lithuanian,C1,0218-124622.json,2,4,0,0
google--gemma-3-27b-it,regular,Lithuanian,C1,0218-165819.json,0,1,0,6
google--gemma-3-27b-it,regular,Lithuanian,C1,0218-122100.json,0,3,0,4
google--gemma-3-27b-it,regular,Lithuanian,C1,0218-171055.json,0,4,0,3
google--gemma-3-27b-it,regular,Lithuanian,C1,0218-141047.json,0,7,0,3
google--gemma-3-27b-it,regular,Lithuanian,C1,0216-205952.json,0,2,0,7
google--gemma-3-27b-it,regular,Lithuanian,C1,0218-153938.json,0,5,0,1
google--gemma-3-27b-it,regular,Lithuanian,C1,0218-145504.json,0,4,0,2
google--gemma-3-27b-it,regular,Lithuanian,C1,0218-164505.json,0,4,0,4
google--gemma-3-27b-it,regular,Lithuanian,C1,0218-152654.json,0,2,0,2
google--gemma-3-27b-it,regular,Lithuanian,A1,0216-122504.json,2,8,0,5
google--gemma-3-27b-it,regular,Lithuanian,A1,0216-120712.json,0,2,0,0
google--gemma-3-27b-it,regular,Lithuanian,A1,0216-130508.json,0,5,0,1
google--gemma-3-27b-it,regular,Lithuanian,A1,0216-130007.json,0,10,0,0
google--gemma-3-27b-it,regular,Lithuanian,A1,0216-133101.json,0,2,0,0
google--gemma-3-27b-it,regular,Lithuanian,A1,0216-131111.json,5,4,0,0
google--gemma-3-27b-it,regular,Lithuanian,A1,0216-121252.json,0,2,0,0
google--gemma-3-27b-it,regular,Lithuanian,A1,0216-141251.json,2,2,0,10
google--gemma-3-27b-it,regular,Lithuanian,A1,0216-135254.json,0,6,0,0
google--gemma-3-27b-it,regular,Lithuanian,A1,0216-151214.json,0,1,0,17
google--gemma-3-27b-it,regular,Lithuanian,A1,0216-131740.json,7,7,0,2
google--gemma-3-27b-it,regular,Lithuanian,A1,0216-133644.json,0,4,0,5
google--gemma-3-27b-it,regular,Lithuanian,A1,0216-142345.json,0,6,0,0
google--gemma-3-27b-it,regular,Lithuanian,A1,0216-142045.json,0,9,0,1
google--gemma-3-27b-it,regular,Lithuanian,A1,0216-124754.json,0,2,0,0
google--gemma-3-27b-it,regular,Lithuanian,A1,0216-132712.json,1,2,0,1
google--gemma-3-27b-it,regular,Lithuanian,A1,0216-152436.json,0,3,0,1
google--gemma-3-27b-it,regular,Lithuanian,A1,0216-123850.json,1,1,0,2
google--gemma-3-27b-it,regular,Lithuanian,A1,0216-121828.json,0,4,0,0
google--gemma-3-27b-it,regular,Lithuanian,A1,0216-143451.json,0,1,0,0
google--gemma-3-27b-it,regular,Lithuanian,A1,0216-123023.json,1,3,0,0
google--gemma-3-27b-it,regular,Lithuanian,A1,0216-124404.json,0,16,0,0
google--gemma-3-27b-it,regular,Lithuanian,A1,0216-144229.json,0,3,0,0
google--gemma-3-27b-it,regular,Lithuanian,A1,0216-132219.json,5,2,0,8
google--gemma-3-27b-it,regular,Lithuanian,A1,0216-135744.json,1,8,0,1
google--gemma-3-27b-it,regular,Lithuanian,A1,0216-134704.json,4,5,0,1
google--gemma-3-27b-it,regular,Lithuanian,A1,0216-125523.json,0,3,0,0
google--gemma-3-27b-it,regular,Lithuanian,A1,0216-142854.json,0,2,0,1
google--gemma-3-27b-it,regular,Lithuanian,A1,0216-140458.json,0,11,0,6
google--gemma-3-27b-it,regular,Lithuanian,A1,0216-145447.json,0,1,0,0
